char,male,female
明,378860,63221
伟,378757,51232
军,378096,29518
建,366515,51477
华,344928,174529
文,314939,114048
国,314608,29055
志,299132,39621
海,276918,87270
峰,232893,16214
强,229396,6049
平,225965,73650
东,218754,21500
晓,211542,207281
杰,194765,36704
永,194545,29893
勇,190382,6365
林,189380,37752
龙,187639,8593
辉,178643,28527
涛,173682,12330
斌,166016,8959
俊,161980,36564
波,160605,23886
鹏,159913,9168
春,157268,108726
新,153515,36419
刚,147028,3556
飞,142220,32319
成,139031,12607
小,137432,120069
金,136342,60113
亮,132163,6934
忠,131965,9142
玉,126830,147213
超,126104,17839
德,124605,13700
荣,122044,55581
庆,118731,23266
生,118531,6072
宇,118378,29473
光,115428,12386
立,112826,26759
磊,110223,11532
云,109814,100157
红,108502,211645
祥,102455,7359
洪,102011,19928
宏,100685,20164
振,100017,8650
良,96013,6731
民,94931,6861
锋,91589,4431
兵,90646,4966
兴,90035,9923
江,87909,10484
学,86406,15516
松,84077,8258
利,83354,44240
卫,82372,16707
健,82205,10896
宝,81292,17472
浩,79919,5083
胜,78757,7069
凯,77402,7691
阳,77237,24014
清,76697,36514
敏,75548,112169
旭,74631,17769
福,72095,7998
正,70377,9759
彬,66533,11042
世,64070,10604
长,63380,8103
亚,63358,63293
广,62110,6864
中,61828,6317
君,60620,58847
瑞,58959,34788
武,58558,2865
鑫,57518,15380
剑,57335,7550
安,57148,11409
家,56343,10137
大,56176,5132
义,55720,5746
智,55204,9619
佳,54900,67249
青,54716,48604
宁,54264,28826
洋,53081,15859
昌,52419,4260
山,51167,3362
全,50282,3551
毅,49420,6604
博,49411,7874
进,46692,5243
坤,46641,8972
维,46638,17870
泽,46281,6560
雷,45521,3991
继,45240,9822
天,44931,9701
星,44883,13812
贵,44219,6801
雄,43605,2022
友,43495,5230
元,42977,9915
富,42554,3188
树,42132,7093
子,41952,17408
翔,41592,4686
英,41295,163414
根,41284,3574
虎,40283,1048
远,39954,6499
顺,39809,5591
少,39311,12223
仁,39174,5327
冬,38742,30766
栋,38104,1481
雪,38083,89886
保,37815,3753
彦,37443,17402
晨,37016,20761
传,36897,5602
康,36653,3141
威,35323,4651
耀,35035,3097
喜,34957,7935
朝,34900,6919
才,34783,2061
培,34209,15313
群,33363,28152
爱,33291,53879
宗,33212,4435
一,33138,11338
发,33095,1994
克,32929,5095
力,32672,6779
贤,32133,10043
启,31928,4280
和,31827,4571
方,31550,12810
泉,31125,2479
景,31016,9674
乐,30831,12084
锦,30756,12329
万,30750,4090
跃,30543,4475
汉,30469,4701
恒,30422,3818
奇,30116,4181
芳,30090,165416
森,30025,1837
权,30021,1126
先,29782,7054
达,29617,2405
吉,29609,6124
嘉,29521,15680
向,29378,6893
哲,29369,5412
慧,29356,97066
铭,29225,5372
兆,28967,5001
鸿,28734,7695
欣,28634,32372
帅,28249,3889
连,27631,13835
秀,27584,112286
高,27581,2815
茂,27413,3248
艳,27301,172376
秋,26845,45719
科,26805,2467
士,26621,4530
岩,26567,12377
丰,26546,3127
思,26333,26536
桂,26184,52672
延,25967,6188
书,25756,10445
源,25746,5049
燕,25541,167706
银,25539,16053
雨,25437,21863
静,25167,124879
有,24942,3139
丽,24917,257288
政,24859,1751
川,24533,3209
楠,24481,27006
炜,24464,5021
来,24155,2938
凤,23696,85514
琦,23629,17330
惠,23594,42407
开,23502,4101
绍,23406,4087
豪,23086,944
增,22914,2329
昊,22660,2304
其,22475,3782
冰,22377,20532
坚,22277,2064
会,21850,17546
恩,21695,3967
南,21479,8820
道,21467,2668
益,21397,4676
升,21303,1037
章,21119,1958
震,21076,1483
水,21017,6411
凡,20999,9723
巍,20824,6454
炳,20519,1936
盛,20369,2356
彪,20362,388
治,20264,2435
鸣,20216,4997
杨,20081,10435
朋,19980,29743
旺,19943,980
丹,19934,90406
奎,19895,983
敬,19894,7235
占,19798,2100
礼,19666,2761
晖,19597,7003
双,19581,15184
钢,19501,615
运,19270,3827
程,19198,5818
铁,19142,2018
琪,19077,20240
聪,19071,7840
孝,19051,3494
怀,18994,3031
加,18906,2953
守,18827,2868
勤,18459,14190
承,18304,2668
晶,18259,54306
锐,18004,3811
滨,17996,2083
业,17969,2313
祖,17846,2294
月,17417,44097
为,17355,2776
柱,17265,578
洲,17261,1138
骏,17119,1182
田,17091,4936
善,17061,2871
如,16966,11894
航,16884,3248
诚,16839,1603
定,16717,2871
玮,16656,12555
圣,15788,2300
颖,15584,54032
然,15578,9551
扬,15562,4908
琳,15508,59233
信,15495,1695
希,15036,6561
臣,15014,805
法,14936,630
帆,14916,6701
存,14835,2799
同,14790,1977
美,14747,78685
柏,14479,1772
锡,14471,2651
标,14459,269
风,14422,10667
玲,14420,172595
可,14378,6522
迪,14306,9011
轩,14149,2806
廷,14057,2706
京,14016,6261
宪,13991,2467
欢,13970,17390
仲,13916,1704
晋,13905,3784
本,13570,1743
凌,13561,10499
洁,13445,59476
钦,13403,2759
润,13234,5535
宾,13228,1103
显,13155,2161
岳,12952,1584
冠,12863,2296
财,12824,486
伦,12792,1801
睿,12716,6390
尧,12691,1641
年,12492,2253
城,12364,903
崇,12350,1855
辰,12328,4475
自,12323,1892
卓,12272,5968
猛,12255,345
焕,12240,6161
尚,12223,1972
萍,12195,144144
霖,12147,3743
登,12066,1461
腾,12029,1582
勋,11964,721
日,11920,3062
黎,11902,10182
路,11874,4629
钧,11859,1298
裕,11802,1862
征,11779,2130
昆,11737,1563
仕,11722,2025
灿,11720,3185
均,11666,1802
靖,11588,7044
周,11563,1700
育,11552,3915
堂,11513,600
西,11485,3635
寿,11453,1086
修,11449,1699
梁,11413,887
捷,11343,4350
之,11327,3667
石,11244,1821
皓,11122,1844
太,11058,1101
卿,11010,6224
梅,10924,159843
河,10819,779
应,10818,2153
相,10745,1847
纪,10594,2285
九,10579,2679
煜,10500,3125
夭,10331,2310
孟,10259,3730
越,10200,5541
炎,10175,1838
伯,10159,1023
瑜,10086,14210
通,10015,548
功,9993,580
珍,9982,76653
劲,9937,1071
艺,9841,11695
麟,9827,1663
怡,9745,24108
雅,9745,40286
昕,9739,7505
满,9719,3857
兰,9675,92215
梦,9609,31109
余,9577,1696
前,9529,1139
乾,9516,815
霞,9508,150984
邦,9499,756
行,9475,1489
照,9423,1614
宽,9318,619
常,9225,1740
心,9190,7982
庭,9183,1651
基,9166,699
厚,9133,1081
男,9122,8996
木,9029,2291
昭,9028,2782
婷,8977,113910
鹤,8929,3230
久,8885,1470
纯,8864,5464
令,8849,2638
宜,8830,4592
迎,8799,8528
逸,8775,4151
能,8760,1137
寅,8759,1875
贺,8757,2533
作,8675,1010
乃,8635,2298
昱,8606,4527
娟,8600,155526
钊,8593,634
绪,8589,1640
献,8587,1464
付,8573,1112
二,8560,2594
奕,8460,5441
镇,8338,574
隆,8308,481
苏,8223,8511
理,8221,1616
曦,8206,5644
璐,8198,28403
渊,8195,1380
桥,8184,1253
灵,8165,10450
悦,8122,12569
叶,8116,11488
冲,8111,1359
泰,8111,408
韬,8064,641
夫,8038,466
谦,8035,1287
岭,7950,1737
淼,7883,5167
沛,7704,2778
挺,7636,440
诗,7579,8182
熙,7567,2449
淑,7563,61259
真,7537,9647
从,7524,1866
齐,7500,1786
岗,7496,208
举,7470,466
莉,7461,98160
三,7445,2196
硕,7405,2347
萌,7331,12887
彤,7296,9512
钰,7296,8728
展,7289,1190
枫,7264,3397
舟,7220,1795
殿,7186,845
佩,7178,15661
轶,7161,3457
合,7157,955
原,7085,1761
莹,7032,47749
魁,6983,331
野,6953,1231
印,6950,615
亭,6934,4287
湘,6843,5592
申,6804,1080
禹,6801,1508
战,6792,464
召,6786,1082
鲁,6752,1493
四,6627,1879
禄,6620,571
起,6520,547
琛,6519,4123
营,6514,1765
时,6514,1417
峻,6452,855
钟,6441,990
羽,6436,5842
烨,6403,5421
娜,6400,89398
虹,6294,22091
涵,6289,7822
言,6285,2396
晟,6285,727
琴,6272,90789
潇,6263,6979
旗,6252,641
祺,6224,1554
李,6216,3570
革,6198,1176
汝,6185,2783
化,6176,1214
人,6150,1209
琼,6137,34642
声,6053,779
攀,6047,1257
园,6023,16595
曙,6006,1055
亦,6006,3279
若,6003,6190
甫,5992,681
名,5968,1318
尔,5946,2384
意,5920,3272
珂,5919,4147
州,5898,490
初,5896,1143
陈,5872,2671
尤,5856,1435
以,5818,1676
弘,5817,1614
儒,5734,1158
品,5732,2043
弟,5713,2269
丁,5708,1816
晔,5675,4339
峥,5567,2342
畅,5507,4082
夏,5500,6762
啸,5475,723
雁,5419,8314
炯,5414,713
壮,5395,407
潮,5393,381
必,5386,826
现,5381,683
添,5380,883
代,5308,1875
锁,5299,513
斯,5289,4500
笑,5287,8412
普,5273,716
菲,5265,24358
重,5263,680
彩,5243,31096
无,5215,1232
丙,5208,613
非,5203,1665
臻,5201,2347
蕾,5189,27009
蔚,5187,6304
恺,5181,693
爽,5160,9860
雯,5142,37276
联,5140,1202
蒙,5109,5007
百,5107,1156
秉,5073,648
芝,5041,22738
铮,5031,1537
驰,5030,861
柳,5019,9512
香,4977,43814
里,4977,857
梓,4962,2494
望,4953,1096
在,4947,834
好,4923,2034
官,4921,942
碧,4919,11650
千,4918,2135
柯,4918,1922
允,4886,1259
煌,4881,383
斐,4879,5144
楚,4877,3818
再,4870,999
井,4825,1082
霄,4816,2477
焱,4810,2315
经,4802,641
苗,4798,12704
素,4766,33974
俭,4763,964
闯,4759,257
露,4714,15158
得,4690,567
玺,4677,893
珠,4675,16168
竹,4670,7699
衍,4610,930
赞,4601,1407
寒,4574,3793
阿,4559,4335
佑,4558,669
训,4551,504
庚,4550,359
懿,4550,3961
津,4520,2449
倩,4485,46113
瑶,4481,17279
念,4462,2360
任,4456,738
效,4430,896
舒,4407,7311
韶,4397,1647
翰,4392,406
留,4385,971
琨,4304,1825
肖,4300,4469
领,4226,721
瀚,4222,658
翼,4196,876
赛,4194,5911
贞,4170,9479
选,4160,558
社,4157,673
甲,4128,451
济,4125,539
多,4085,1829
珊,4081,31069
芬,4080,54011
桐,4025,2538
果,4021,2205
嵩,4008,390
队,4005,834
公,4003,572
火,3990,547
巧,3990,21445
张,3985,1274
陆,3983,983
泳,3921,1271
帮,3868,466
拥,3855,367
浪,3855,514
纲,3845,159
鼎,3818,286
见,3816,543
录,3815,414
球,3768,879
步,3748,498
北,3740,764
毓,3737,2777
烈,3725,390
易,3714,2098
衡,3712,655
乔,3693,2501
繁,3691,1191
媛,3648,47678
格,3621,3630
宣,3621,1076
泓,3608,1748
晗,3596,3310
侃,3574,423
杭,3569,1147
麒,3566,652
喆,3548,1074
祝,3544,1288
骁,3541,562
仙,3521,13676
池,3467,840
仪,3452,5875
键,3446,403
实,3422,972
戈,3393,832
舜,3390,624
深,3384,323
上,3382,452
蓉,3373,34860
坡,3369,147
于,3367,1238
季,3359,1356
争,3347,878
记,3344,389
刘,3319,1375
巨,3313,337
瑾,3298,10829
农,3290,361
述,3289,683
鹰,3248,1719
幸,3244,1800
策,3242,310
桦,3215,2289
佐,3210,418
骥,3196,234
菊,3193,35211
敦,3182,362
盼,3172,7848
图,3166,654
涌,3164,222
王,3161,1262
淳,3142,1062
环,3138,5467
闻,3123,1269
椒,3122,3578
放,3118,734
侠,3104,9711
容,3097,11775
典,3094,624
伍,3078,384
严,3077,1087
冉,3072,4554
澄,3066,1022
贝,3064,4845
端,3062,1548
关,3030,424
知,3016,1305
五,2987,717
团,2968,547
昂,2967,423
习,2962,1421
楷,2949,203
桃,2946,6413
稳,2942,833
创,2938,158
映,2934,3804
钱,2911,647
观,2899,561
干,2894,505
嵘,2874,1257
朗,2867,477
毛,2866,1354
烽,2865,202
童,2839,1671
滔,2837,294
致,2803,509
锴,2782,154
晴,2777,10443
翠,2759,39097
榕,2754,3052
祯,2751,1418
璋,2737,419
积,2735,422
白,2730,2944
依,2723,6089
勃,2722,363
孔,2710,332
湖,2697,414
罡,2697,115
铎,2691,207
岚,2688,9596
瑛,2677,10991
花,2673,45974
屹,2653,642
村,2648,391
薇,2642,23329
赫,2635,893
后,2632,425
紫,2624,4967
微,2624,11877
孙,2620,541
师,2615,703
纬,2597,545
岐,2588,304
则,2588,468
咏,2578,4209
呈,2571,582
特,2560,456
灏,2545,318
璞,2533,930
耿,2523,209
枝,2519,6408
郁,2512,1720
圆,2512,6800
仓,2503,106
徐,2488,939
颂,2483,746
细,2479,2071
计,2465,436
谷,2461,876
聚,2451,243
想,2446,1005
旋,2441,1961
棋,2437,596
宸,2435,544
盈,2400,5756
菁,2397,10955
贻,2393,555
豹,2381,46
范,2376,1084
马,2353,559
骞,2346,401
响,2343,566
校,2336,377
总,2334,365
琰,2332,3500
鉴,2320,334
莲,2313,35470
用,2308,276
溪,2308,2030
际,2305,439
迅,2305,403
淮,2301,358
霆,2299,307
谋,2295,139
楼,2278,241
逢,2266,564
罗,2265,848
韦,2264,1260
璇,2263,9208
胤,2258,423
将,2258,121
垒,2255,169
设,2232,124
桢,2226,1059
土,2224,244
熠,2222,747
馨,2220,8932
妙,2202,4523
秦,2202,1264
尊,2199,329
党,2198,359
佰,2190,420
招,2189,1717
谊,2186,1105
丛,2179,2064
介,2178,248
六,2171,773
骅,2144,528
珏,2144,3794
阁,2130,1082
慎,2128,394
点,2118,792
魏,2109,725
省,2108,297
委,2106,299
族,2105,1254
拉,2102,1311
统,2100,130
更,2089,269
彭,2085,400
众,2077,198
慈,2074,1668
居,2072,315
植,2070,249
胡,2057,4137
游,2043,549
丕,2042,357
芹,2040,24266
复,2031,400
隽,2026,1413
渝,2019,1309
术,2015,711
颜,2009,2405
庄,2003,473
竞,1998,1245
韵,1990,5374
曾,1979,3488
昶,1971,222
列,1968,356
唯,1964,1633
亨,1959,168
地,1942,421
蓓,1933,13714
筱,1913,4951
结,1912,756
夕,1905,962
都,1898,387
影,1898,9620
婧,1897,18956
昀,1891,1476
茜,1890,16900
港,1885,138
耕,1874,218
肇,1873,329
幼,1869,2674
丞,1867,176
疆,1860,289
芸,1857,14007
伊,1856,4319
炼,1841,442
伏,1840,525
许,1835,538
旻,1833,712
飚,1830,204
娇,1825,23522
棠,1797,924
杉,1792,1687
冀,1792,436
郑,1790,1074
体,1789,288
栓,1786,172
奋,1783,545
予,1783,1725
艾,1776,2560
茹,1773,16873
镜,1767,642
牛,1765,122
让,1755,228
鲲,1747,251
宙,1744,195
辛,1744,944
妮,1736,19185
妍,1722,17162
尉,1721,390
陶,1721,854
郎,1712,142
豫,1704,813
何,1700,718
阔,1697,158
优,1693,1504
闽,1677,703
焰,1676,670
卡,1667,738
赟,1664,831
牧,1658,557
澎,1656,159
冗,1656,342
铨,1655,94
徽,1652,660
曰,1643,417
翊,1642,749
动,1642,317
口,1634,412
堃,1632,279
拓,1628,171
旦,1623,850
赵,1619,570
锟,1611,185
流,1600,245
扣,1600,664
密,1599,1460
垄,1596,360
库,1596,59
陵,1592,644
珉,1592,699
黄,1591,789
韩,1589,759
誉,1587,650
房,1584,326
顶,1580,113
融,1580,877
恭,1573,113
杏,1565,4425
音,1555,2671
歌,1552,2251
靓,1542,3189
汇,1542,616
淦,1538,147
节,1532,624
遥,1530,1034
研,1523,1231
洛,1516,533
沈,1507,567
仰,1499,202
蓬,1494,395
临,1489,595
舰,1484,121
灯,1483,181
珑,1483,599
渭,1476,338
亿,1465,433
养,1464,233
浦,1458,204
奔,1456,244
曼,1456,11960
砚,1447,895
布,1440,341
仑,1440,194
唐,1439,287
要,1428,255
沙,1427,3827
驹,1413,74
玄,1412,466
岱,1411,446
异,1408,360
乙,1404,628
机,1396,317
晏,1392,919
首,1392,209
司,1392,468
防,1390,193
序,1387,343
儿,1384,3273
盟,1384,613
欧,1383,737
位,1373,226
歆,1363,1579
葛,1358,563
奉,1358,340
斗,1358,126
湛,1356,331
含,1346,2550
古,1340,626
协,1339,166
求,1331,230
沁,1329,2595
忆,1328,1909
巴,1326,269
蕊,1324,11569
赐,1314,136
遵,1314,191
甜,1311,8490
溢,1308,487
澍,1304,311
铃,1304,2066
直,1303,146
珩,1299,550
冶,1298,415
也,1296,638
量,1294,95
铸,1292,77
操,1290,79
炬,1284,167
葵,1282,1188
熊,1279,152
邵,1279,363
莎,1272,15671
宋,1259,454
珺,1257,2188
旅,1255,434
惟,1252,502
专,1250,297
逊,1250,204
朴,1239,239
煊,1234,316
嗣,1230,191
玖,1226,398
模,1224,133
傲,1223,780
至,1222,275
廉,1219,255
朱,1217,515
续,1213,263
未,1205,703
车,1200,279
翀,1198,223
又,1198,866
蕴,1191,2258
电,1190,179
集,1185,179
局,1185,216
汶,1183,771
彰,1163,69
浙,1159,262
鸥,1158,1117
教,1146,144
樟,1145,251
咸,1144,174
婕,1143,9956
璟,1142,1226
坦,1140,224
煦,1135,444
炫,1133,377
吴,1133,455
励,1132,549
拴,1131,158
桓,1131,193
烁,1127,548
潘,1120,397
霏,1120,2059
准,1120,129
曜,1117,114
澜,1116,1192
淞,1115,229
墨,1112,616
工,1110,127
岑,1110,1584
灼,1104,226
玥,1103,3015
象,1101,154
诺,1100,1260
默,1098,833
米,1097,1168
主,1097,188
台,1096,428
迁,1092,259
婉,1092,10407
榜,1090,62
羿,1089,247
界,1085,119
娥,1085,18470
桑,1082,729
杜,1081,578
材,1077,37
笛,1076,1011
所,1072,153
懋,1069,161
雍,1066,259
备,1066,129
佃,1061,169
霁,1060,668
引,1057,1250
提,1054,304
熹,1047,419
敢,1045,49
岸,1038,299
练,1035,286
院,1032,304
俞,1032,716
藤,1031,186
昇,1031,50
龄,1031,980
吕,1031,342
慰,1030,520
愚,1029,176
槐,1026,444
颢,1025,294
险,1019,162
号,1017,141
贯,1012,95
吾,1011,200
栩,1011,557
式,1011,141
艮,1010,554
解,1007,252
垚,1007,344
忱,1003,451
茗,1003,1190
铜,1002,144
妹,1002,17079
午,993,183
垣,992,227
慕,991,1094
穗,987,1075
蚊,987,164
瀛,981,509
祚,980,198
轮,976,69
收,969,61
赢,969,529
禾,966,573
今,959,671
勉,957,426
萱,955,3491
禧,954,264
骐,954,153
裙,954,3472
寰,953,292
韧,948,208
沐,940,491
骋,940,159
艽,935,238
历,928,325
律,927,255
温,927,495
左,926,225
垂,925,112
潜,924,150
耘,923,721
务,921,178
精,918,294
觉,917,258
弛,917,228
淋,914,848
椿,912,189
姗,908,10715
质,903,287
考,902,114
竟,902,342
樑,899,27
桔,892,675
葆,890,349
情,889,1297
滇,889,789
施,887,982
语,887,1679
崎,885,178
助,885,94
姣,882,11549
筠,882,2339
卉,881,6485
早,881,468
渤,878,135
支,876,259
旸,875,353
铿,872,69
郭,872,284
叔,871,199
淇,868,566
汽,863,39
由,862,209
站,861,90
竣,857,96
笃,853,79
苍,849,91
蛟,847,123
盘,843,219
汀,842,448
艇,841,60
祎,838,627
朔,837,333
娴,831,6423
锨,831,230
玎,827,635
愿,825,296
醒,824,470
镭,824,155
厂,823,54
箭,823,113
泊,819,188
焘,818,54
随,815,210
姚,814,643
鸽,811,2041
表,808,46
期,807,142
渠,806,120
袁,805,486
员,802,286
俐,800,4594
劭,800,176
奥,799,328
皇,796,125
董,795,305
改,794,3982
七,792,373
棣,792,297
勒,790,354
绿,784,1391
府,784,52
霜,782,3282
枢,782,129
曲,781,541
共,780,116
伶,776,3407
尹,775,846
毕,773,242
炽,771,74
蓝,770,1287
汪,769,210
赤,767,195
狄,767,173
谨,766,569
绵,766,558
辅,763,87
滢,763,2559
著,762,124
黔,762,307
洵,761,298
屏,759,1460
曹,757,250
次,756,141
锬,756,242
浚,755,122
灶,754,97
姜,753,564
沂,752,419
冈,751,62
沪,751,231
铖,750,99
或,749,562
单,746,912
弋,744,327
史,742,167
擎,742,278
炉,741,37
娣,740,15289
帝,739,119
翌,736,459
娅,736,8125
侨,735,320
享,733,164
燃,731,354
苑,727,2162
译,726,886
赣,725,134
沅,725,316
字,724,254
匡,723,52
潭,722,165
崴,715,227
近,709,257
吟,707,1381
轲,706,101
戎,706,351
纳,706,1081
鲜,702,1490
祁,700,201
朕,700,73
部,700,68
琢,697,305
怿,697,246
县,695,116
略,695,68
滕,693,180
谢,689,341
荫,688,360
尘,687,230
冯,686,350
赋,685,43
逵,685,33
崧,685,131
仔,684,237
圳,684,67
汐,682,429
叙,681,192
滋,680,285
孜,680,620
频,678,680
聿,678,203
谱,676,83
舸,674,155
壁,674,319
羊,674,191
参,674,144
伙,672,100
劫,671,315
送,671,147
网,669,226
劼,669,192
迟,667,190
铠,667,75
墩,666,260
榆,665,344
倍,661,487
銮,658,693
棵,656,49
岷,652,146
警,651,1204
班,650,130
敖,649,93
资,648,234
矿,647,54
佶,646,201
报,646,47
鹭,645,871
尼,645,378
荷,642,3810
琮,641,187
徒,639,259
恕,639,135
讳,639,710
玛,632,1128
皖,632,421
技,630,121
锵,630,31
婵,628,5691
粤,627,348
苹,623,4835
琥,623,54
卜,622,208
侯,622,200
遂,621,131
龚,620,157
援,619,209
琅,619,272
听,618,270
翱,617,170
棉,615,509
萧,615,625
停,615,480
刁,614,460
席,613,131
腊,607,1659
娃,607,1157
蜀,605,414
辑,605,137
议,604,177
适,603,148
愉,603,592
度,601,96
姝,600,7334
神,598,93
弦,597,412
钿,597,176
就,597,202
殷,596,492
函,596,816
约,594,182
忻,594,468
管,591,63
快,591,135
荔,589,1493
颉,588,405
麦,588,580
薛,587,340
分,585,449
载,582,83
皎,580,1162
葳,579,683
肃,579,271
彧,578,251
坪,576,310
粮,575,49
命,572,85
市,572,172
苇,571,711
佛,570,92
凝,568,1824
蚵,567,107
项,566,139
贡,562,36
讯,560,87
伸,560,58
骄,560,452
燮,560,141
的,558,214
焯,558,116
沫,557,603
交,551,178
闪,551,1108
畏,551,113
鎏,551,259
足,550,192
缘,550,681
喻,548,460
珲,548,196
湃,548,59
检,544,155
泗,543,86
抗,542,217
绮,542,2736
亲,540,370
封,537,83
颐,537,529
炀,537,111
宵,537,443
样,535,185
肠,533,347
岛,532,65
演,530,186
老,530,113
辽,529,131
嘎,527,287
商,527,118
惊,526,162
柄,526,58
顾,525,166
卯,524,103
冕,524,202
八,524,194
造,523,52
场,520,113
邓,516,145
回,513,289
涤,512,194
佟,510,162
兢,509,268
女,509,3967
皆,508,70
迈,506,125
晚,504,703
塔,504,277
鹿,504,349
荃,502,506
饶,502,176
歧,502,57
仿,501,195
固,500,61
弼,500,71
悠,500,592
状,500,37
搏,499,63
裔,499,176
净,498,1148
持,498,74
岁,497,178
边,495,93
极,495,85
宴,494,229
犇,494,23
蒋,493,137
晃,491,43
镔,491,54
碎,490,457
活,490,69
门,489,131
弓,489,90
境,488,221
笙,488,107
飙,488,22
闵,487,201
激,486,239
须,485,68
赉,484,303
暖,482,543
瑗,481,1100
产,481,40
贇,481,273
亢,481,150
懂,481,63
乘,480,86
凉,479,220
啟,477,60
性,477,76
哈,476,251
赓,476,33
者,475,103
围,475,202
采,473,755
棚,472,118
沧,472,31
姐,471,873
蕙,470,1646
接,469,97
不,468,137
荆,467,273
郡,464,451
舫,464,314
芮,463,1497
坛,462,152
忍,462,148
第,461,115
簧,461,266
聘,460,214
换,459,880
鳌,458,63
悌,458,94
问,458,321
孚,455,67
陇,454,97
执,453,51
央,451,974
睦,450,67
阶,450,37
樵,449,74
甘,447,198
庸,447,75
姿,447,2712
证,446,75
托,445,175
弢,444,59
转,444,1154
翎,444,723
鄂,444,188
笠,444,137
循,441,87
论,441,76
悟,441,66
豆,440,746
配,440,271
羲,440,180
速,440,136
扎,439,77
捍,439,54
盾,439,67
沣,438,85
茵,437,3092
移,437,126
店,436,37
漫,436,1691
充,435,64
宫,433,111
卢,431,166
当,429,647
玫,428,3282
评,427,161
身,426,50
穆,426,198
与,425,145
壹,424,132
筑,424,229
嵬,424,56
稼,423,106
空,422,87
俏,421,1642
是,420,107
芒,417,1472
蔡,417,279
宛,416,1120
斋,416,68
曝,416,556
那,414,350
莺,413,3614
罕,412,187
愈,412,120
芄,407,309
草,407,426
燚,407,97
毫,406,30
飘,404,597
漪,403,1524
藩,401,55
镝,401,88
薪,401,439
铉,400,80
买,399,112
爵,399,36
恬,398,1485
镒,398,51
槟,398,97
欲,397,157
濠,397,355
燊,397,43
茁,397,155
厅,397,50
拯,395,27
庶,395,71
瞻,393,96
右,393,78
芷,393,1588
夷,392,299
粉,392,2614
镛,390,59
燎,389,35
苓,388,2026
倪,388,379
昔,387,145
妃,386,1426
笔,386,93
邈,386,122
焜,385,32
媚,384,4343
头,383,97
厦,382,156
汗,381,129
莘,380,260
舞,380,351
跟,379,69
樊,379,174
莱,379,340
沃,379,38
绩,378,107
客,378,201
骊,376,2816
苟,376,29
钏,375,127
璜,375,213
包,375,73
寨,374,68
慷,373,37
挥,373,43
导,372,71
枭,372,52
闰,371,136
稚,370,362
蒲,370,258
船,370,54
寄,370,410
涯,369,156
谭,369,106
壬,369,103
戬,369,51
已,368,148
十,367,144
区,367,55
晰,366,388
潞,365,446
瞳,365,325
铂,365,56
峤,363,127
嫣,362,2400
诣,361,107
奖,361,31
而,361,129
及,359,84
取,359,81
峙,358,43
砷,357,176
兮,357,290
奶,354,156
规,354,35
馥,353,932
钻,352,121
磷,351,249
驾,350,77
候,350,81
户,349,64
狮,349,44
访,348,166
傅,347,81
目,347,58
峯,347,7
烟,347,571
具,346,44
识,346,90
敝,346,62
掌,346,75
绘,345,628
事,345,76
笋,344,108
阵,344,33
裴,344,329
旌,343,96
仟,343,157
护,343,42
耐,341,230
硼,340,1470
夺,340,43
藏,339,218
烜,338,54
对,337,91
横,337,39
酉,337,66
峡,336,349
倬,336,139
入,336,155
戴,335,170
落,334,107
顿,334,88
岫,333,234
沿,333,112
戟,333,54
浓,332,605
熔,329,258
蜂,329,67
过,328,94
屠,327,139
翻,327,359
暄,326,156
咖,326,505
种,325,37
皿,324,160
柔,324,1179
详,322,41
外,322,130
简,322,198
蝴,320,220
粟,320,130
补,318,69
纶,317,56
角,317,119
荟,317,937
溥,317,38
等,317,34
梧,316,71
费,315,131
邱,314,182
舵,313,28
吓,313,227
下,313,91
溯,312,121
吐,311,156
热,310,146
鱼,310,284
锰,309,27
尾,309,235
措,309,258
瓤,308,675
甄,307,358
芃,307,232
盖,307,57
尖,307,46
受,306,48
乡,305,168
恋,304,1171
韫,304,526
镐,303,11
兹,303,98
获,303,381
途,302,34
庞,302,30
鋆,300,115
夜,300,372
储,300,59
昉,298,186
皋,298,32
焦,298,204
莫,296,245
比,296,137
钜,295,13
颀,294,142
企,294,85
梨,294,900
出,294,68
抒,293,403
骑,292,24
殉,291,325
阅,290,213
遇,289,123
樱,289,1980
荐,289,59
钗,288,1137
崔,287,140
黑,287,87
羚,286,899
域,286,61
鹄,286,59
绳,286,23
喧,286,392
圭,284,76
楞,282,79
各,282,116
因,282,164
谟,281,25
汛,281,88
呼,280,60
矗,280,95
窑,279,65
侦,279,127
猷,278,38
宠,278,72
栗,278,186
戚,277,39
芙,276,2327
索,276,165
橙,275,288
涨,275,17
珣,274,231
服,274,61
件,273,48
堤,273,65
绥,272,101
芊,272,821
医,271,122
洙,271,13
羡,269,273
泼,269,21
朦,268,905
锌,268,89
漳,268,15
扩,268,12
称,268,113
湧,267,19
住,267,49
谕,266,183
堆,266,8
纹,265,498
针,265,247
圻,265,89
翮,265,86
泮,265,56
冷,264,374
丘,264,58
臬,264,73
眉,264,1062
涧,263,73
兔,262,88
内,261,61
渡,261,48
祈,260,93
颍,260,564
耸,259,36
诤,259,167
玻,259,35
惜,259,759
绅,258,23
塘,258,79
扶,257,43
气,257,88
御,257,81
贾,256,124
寻,256,291
履,256,75
轻,254,137
率,254,50
钒,254,76
毒,254,134
派,253,39
勐,253,13
勰,253,73
溶,253,424
尽,253,118
限,252,62
形,252,81
聊,252,61
隐,251,111
淘,251,66
还,251,113
砾,251,240
萃,251,773
倚,250,260
汤,250,83
诞,250,75
陪,250,142
虞,250,102
锶,250,251
潼,249,317
亏,249,54
芦,248,143
需,248,57
径,248,106
荪,248,109
础,248,55
阜,247,32
舍,247,77
数,246,78
间,246,118
几,246,91
祐,245,17
洞,245,35
璨,245,234
翘,245,263
署,244,68
填,244,115
芽,244,500
辨,244,66
虔,244,70
叠,244,113
蓁,244,411
始,243,56
值,243,38
链,242,85
箐,242,633
勳,242,5
整,241,40
末,241,220
斤,241,45
乌,240,166
查,240,83
探,240,69
恢,240,41
姬,239,2098
词,238,90
垠,238,80
凭,237,95
殊,237,265
择,237,44
偉,236,5
敲,236,46
夔,234,66
珀,234,79
了,234,134
妤,233,1847
匀,232,349
欠,232,338
钲,230,26
荧,230,546
飒,230,613
旷,229,66
瓦,229,86
渔,229,53
圃,229,60
戌,229,74
箫,228,269
犁,228,105
瑄,228,302
璃,228,197
患,228,170
稀,228,213
闫,228,183
稷,228,35
菡,228,1731
己,227,53
堪,227,21
赏,227,101
楹,226,121
芯,226,979
缙,225,85
霓,225,805
俨,225,72
杯,225,53
变,224,750
菠,223,137
带,223,378
珮,222,405
涣,222,157
油,222,72
排,222,54
棕,222,32
镖,221,12
完,220,138
瑋,220,10
矛,220,43
划,220,54
归,220,71
似,219,156
雳,219,65
甦,218,104
唏,218,200
杞,218,53
翅,217,46
型,217,22
狐,217,130
卷,216,114
澈,216,90
國,215,5
柠,215,264
邑,214,127
看,214,130
肪,213,201
秒,213,144
劳,212,68
婴,212,375
辞,211,115
沉,211,141
贸,211,99
诲,211,77
核,211,36
休,210,66
崑,209,23
色,209,178
丝,208,1258
莽,208,21
淡,208,135
息,208,156
漂,207,156
套,207,44
洽,207,108
禅,206,143
恪,206,51
堡,206,18
丑,206,80
菱,206,927
哨,205,60
搜,205,37
肯,205,30
棒,204,11
折,204,58
凛,204,56
涪,204,22
翥,203,75
珅,203,66
郝,203,107
琬,203,784
祉,203,185
器,203,32
谆,202,41
渐,202,50
菘,202,19
赠,201,34
拾,200,63
盲,199,74
枷,198,204
调,198,175
践,198,28
遐,198,204
职,198,27
磐,198,42
瑚,197,286
绕,197,61
锤,197,19
倜,197,51
纵,197,26
琏,196,166
汕,195,53
赘,194,132
鹃,194,1164
栎,193,38
线,193,151
庐,193,60
浔,193,75
潍,192,89
测,192,57
难,191,111
骧,191,64
缨,191,619
示,191,86
翁,191,60
监,190,17
浮,190,56
画,190,232
骢,190,57
璠,189,213
秸,189,76
渺,189,118
谅,189,35
畔,188,181
頔,188,139
两,188,30
啊,187,159
指,187,32
鳞,187,65
蜜,187,715
只,187,73
我,187,45
哉,187,19
鹞,186,35
倡,186,18
秩,186,31
去,185,69
铬,185,66
玟,185,199
邹,185,82
牡,184,579
樾,184,124
荻,184,176
祜,184,21
楔,183,9
漾,183,192
畴,182,19
屿,182,132
郅,182,207
珞,182,312
雾,182,149
谈,181,60
擘,181,27
秘,181,132
溟,181,67
叮,180,126
督,180,14
茶,180,699
款,180,50
旬,179,69
枚,179,894
衣,179,182
犀,178,55
萨,178,255
试,177,226
葱,177,246
墙,177,33
最,177,99
蔓,177,1412
俪,177,1728
栾,177,112
诒,176,61
衔,176,51
独,176,34
峪,176,65
哥,174,88
戍,174,45
忙,174,95
襄,174,89
坊,174,58
察,174,16
邢,173,113
巳,173,58
於,173,68
寓,172,60
播,172,44
脉,171,78
玢,171,408
锭,171,45
雕,171,23
钺,171,26
瑟,170,113
宅,170,13
箴,170,99
啓,170,26
偲,170,184
诏,170,34
宥,170,48
到,169,35
刃,169,27
沼,169,63
牙,169,52
韡,169,59
驶,169,32
蝶,168,1808
驷,168,20
朵,168,1093
梯,168,30
鹍,167,8
概,167,19
觅,166,282
蒂,166,304
榴,166,332
岂,166,33
聂,166,71
冻,165,39
告,165,28
塞,165,100
榛,165,153
漠,165,65
貌,164,45
按,163,53
珈,163,253
唤,163,207
诠,163,19
霍,163,59
缪,163,100
瓣,163,63
阴,163,67
屯,162,21
浴,162,50
撼,162,52
订,162,48
逍,162,85
竑,161,51
么,161,82
贲,160,22
粱,160,14
请,160,67
檀,160,64
巩,159,22
颇,159,198
貉,158,62
别,158,72
遣,158,74
孩,158,45
弈,157,64
赖,157,85
药,157,113
瑀,157,87
降,157,36
额,157,43
办,157,46
室,156,43
孺,156,60
眺,156,43
铀,155,44
銘,155,4
藻,155,75
辕,154,61
析,154,90
華,154,38
靳,154,114
堰,153,102
骆,153,47
筛,153,43
艘,153,22
追,152,44
泷,152,21
税,152,41
锷,152,10
谚,152,65
待,152,58
桀,151,31
仍,151,26
廖,151,82
虓,151,22
询,151,67
零,151,129
组,150,37
凑,150,21
钼,150,19
层,150,121
符,150,51
私,149,39
聃,149,67
埃,149,37
巡,149,33
馗,148,6
岿,148,13
檬,148,282
郴,148,119
涂,148,52
榮,148,5
驿,147,52
翟,147,68
坷,147,48
皞,147,14
并,147,45
铣,147,22
弥,147,124
册,147,89
舂,147,124
茅,147,55
慨,146,16
勖,145,28
梵,145,132
态,145,54
往,145,42
番,145,125
埔,144,27
鹂,144,519
铅,143,30
兄,143,371
注,143,11
杲,143,24
僚,143,18
浜,142,19
蕃,142,64
粒,142,102
诸,142,37
莆,142,30
狗,142,23
颧,142,232
弄,142,17
輝,141,3
个,141,65
濂,141,45
峭,140,79
假,140,47
粲,140,83
读,140,21
怒,140,34
佼,140,196
辈,139,21
宿,139,52
贱,139,46
瓒,139,69
墉,139,38
鲤,139,98
庙,139,24
努,139,77
筝,138,224
肆,138,43
驭,138,36
盎,137,29
璀,137,204
厉,137,86
闹,137,32
街,137,36
倾,137,135
璧,137,103
浏,136,79
荡,136,22
戊,136,35
邻,136,66
胖,136,93
蔼,136,290
璘,136,97
囡,136,1137
洗,135,27
胥,135,40
逾,135,69
反,135,64
踢,135,77
刊,135,36
装,135,37
帜,134,26
蕤,134,138
荤,134,22
视,134,19
攸,134,79
柜,134,16
叁,134,26
曌,134,135
暑,134,60
坎,134,29
宰,134,12
决,133,60
遗,133,40
棱,133,71
恂,133,60
预,133,48
揆,133,14
釜,133,16
晞,133,105
亥,132,28
馀,132,16
蒸,132,71
况,132,27
页,131,97
傑,131,13
勍,131,75
鲸,131,53
旨,131,57
澳,130,56
迷,130,253
绣,130,493
轼,130,14
绚,129,425
旖,129,1014
塑,129,53
兼,129,28
滚,129,11
禺,129,39
铧,129,50
涟,129,179
巽,129,69
票,128,20
携,128,54
座,128,22
炘,128,29
拔,128,10
负,127,8
恳,127,22
郦,127,384
什,127,33
蓖,127,23
综,127,32
即,127,60
乎,127,34
彻,126,20
亡,126,38
饺,126,299
礁,126,141
濛,126,202
奚,126,82
磬,126,79
蔷,126,681
锄,125,92
巾,125,348
迹,125,40
咪,125,1188
靠,125,15
汾,124,103
讲,124,19
炮,124,31
舶,124,57
紧,124,31
俤,124,8
浒,124,6
荀,123,72
驳,123,7
桩,123,30
埂,123,3
麓,123,137
竺,123,206
赜,123,43
郧,122,94
嫩,122,224
翩,122,362
聆,122,306
止,122,60
谓,121,29
盐,121,38
虚,121,25
詹,120,73
算,120,39
烘,120,20
趁,120,183
钉,120,15
甬,119,18
琚,119,243
龑,119,28
顷,119,24
礴,119,38
铝,119,38
彥,119,12
处,119,32
寺,119,33
奈,119,91
霈,119,81
顼,118,32
佺,118,14
览,118,45
镕,118,39
钞,118,14
跑,117,6
俸,117,42
洒,117,162
违,117,26
惺,117,71
茸,117,280
购,117,42
垦,117,28
穷,117,22
栖,117,118
仝,116,31
累,116,25
夙,116,122
释,116,64
幽,116,195
胄,116,26
崖,115,47
串,115,67
鲍,115,34
鸾,115,548
级,115,23
凰,115,248
淏,114,10
蘅,114,199
揉,114,10
裘,114,44
锻,114,31
濮,114,29
鸟,114,166
条,114,110
呆,114,16
误,114,25
薰,113,111
锚,113,12
奴,113,89
荒,113,28
彝,113,53
拱,113,17
晁,113,22
峦,113,59
鴻,112,0
绎,112,57
矢,112,15
炤,112,14
括,111,13
敌,111,15
旎,111,934
味,111,162
擂,110,26
娘,110,203
撑,110,12
段,110,125
岘,110,26
验,110,44
篱,109,35
确,109,31
涓,109,851
柒,109,25
轰,109,27
醇,109,52
圈,109,25
勘,109,26
嫦,109,1510
骝,108,21
醉,108,244
系,108,36
覃,108,91
丈,108,28
氏,108,151
憨,107,60
霸,107,30
制,107,15
枞,107,29
摇,107,80
賢,107,8
挚,107,34
钥,107,307
话,107,47
瑁,107,132
幻,106,268
绯,106,274
叡,106,19
碗,106,89
娉,106,940
侑,106,24
籽,106,120
呜,106,44
伢,106,69
翡,106,329
鸢,106,48
侣,106,87
秧,105,202
拜,105,39
绒,105,764
弯,105,386
砖,105,31
晦,104,44
旱,104,17
奏,104,31
犬,104,2
钵,104,13
籍,104,42
厥,104,22
帛,104,40
阮,104,65
粼,104,269
泛,103,14
暐,103,17
冒,103,18
哗,103,68
徳,103,13
手,103,46
认,103,38
娆,103,278
供,103,8
授,103,13
姓,102,32
磁,102,50
薄,102,34
俄,102,51
驱,102,13
失,102,15
霭,101,223
既,101,20
雲,101,94
熏,101,46
谌,101,38
侗,100,17
脐,100,28
茏,100,23
潺,100,89
刀,100,45
蝉,99,245
恽,99,22
昼,99,11
飏,99,41
销,99,35
灌,99,22
湾,99,253
镳,99,30
淙,99,28
恰,99,126
維,98,5
摩,98,19
佚,98,91
絮,98,308
离,97,62
鹜,97,42
抱,97,35
埕,97,71
筹,97,7
簇,96,47
错,96,49
抚,96,21
甸,96,51
挨,96,16
袖,95,62
泠,95,239
诛,95,23
崟,95,39
漩,95,121
攻,95,11
消,95,56
屋,95,10
壳,94,6
姆,94,224
钇,94,73
伽,94,52
题,94,31
势,94,23
瞿,94,50
熬,94,25
寸,94,90
切,93,25
蔺,93,79
刻,93,22
琤,93,116
肥,93,33
感,93,26
雀,93,149
峨,93,68
浅,93,65
牮,92,24
琇,92,126
苒,92,277
桅,92,32
睁,92,127
憬,92,56
侈,92,31
蛇,91,28
铄,91,46
洺,91,29
闲,91,86
舅,91,26
膺,91,37
義,90,3
玩,90,113
副,90,19
惕,90,31
囊,90,65
泱,90,58
跳,90,27
蒿,90,27
暾,90,6
鹊,89,93
墅,89,28
炅,89,34
奂,89,26
稻,89,23
亘,89,15
晒,89,78
且,89,17
凱,89,9
暘,89,48
茫,89,94
陕,89,40
篪,88,19
扉,88,62
苛,88,75
谡,88,27
椰,88,168
偶,88,54
宓,88,143
扁,88,25
隶,88,26
谐,88,36
驯,88,11
沾,88,43
脚,87,39
矩,87,11
竖,87,18
椅,87,51
幕,87,64
滩,87,42
酒,87,24
烛,87,64
侬,87,119
粦,87,6
黛,87,679
拿,86,48
邯,86,43
半,86,200
迦,86,34
澧,86,40
械,85,24
碌,85,45
你,85,50
剡,85,20
撒,85,49
劝,85,75
柴,84,35
彼,84,10
仞,84,16
觐,84,36
梭,84,53
琎,84,57
哪,84,70
赶,83,21
橹,83,20
胆,83,10
艰,83,29
娄,83,21
拂,83,30
帧,83,74
泾,82,22
皑,82,73
板,82,36
盆,82,38
瓯,82,30
眼,82,42
斑,82,66
衷,82,13
物,82,28
耳,81,29
暹,81,21
镰,81,11
癸,81,22
透,81,20
鞠,81,109
麻,81,52
蓦,81,26
溱,80,79
顽,80,41
膏,80,80
佘,80,15
莜,80,138
隧,80,27
荛,80,9
郊,79,80
究,79,18
铺,79,32
免,79,63
货,79,11
珽,79,22
郢,79,78
濑,79,11
枕,79,32
鈺,78,19
耒,78,25
谏,78,37
役,78,14
嵌,78,63
镯,78,77
睡,78,17
矫,78,253
禎,78,5
唱,78,113
镁,78,135
尝,78,25
皮,78,39
濬,78,7
澔,77,11
颋,77,13
沸,77,25
粹,77,68
像,77,15
赳,77,27
虽,77,15
币,77,16
瓴,77,39
耶,77,93
属,77,24
批,76,21
螽,76,29
陟,76,12
罐,76,33
葭,76,157
壕,76,7
沥,76,63
缤,76,57
慢,76,379
楣,76,197
桧,76,62
株,76,58
课,76,25
肩,75,28
碱,75,215
桁,75,10
悬,75,39
谬,75,50
碰,75,59
龍,75,3
強,75,0
锥,75,9
障,75,20
涉,75,16
邮,75,49
某,74,24
雏,74,46
趣,74,88
垲,74,11
屈,74,35
蓄,74,36
岡,74,1
坐,74,25
卸,74,52
吏,74,36
菜,74,256
够,73,56
轴,73,19
审,73,12
囤,73,2
辙,73,20
鞍,73,18
饰,73,35
钎,73,22
枪,73,4
伴,73,41
浠,73,121
喃,73,138
破,73,11
镍,73,20
芜,73,102
坂,72,8
谣,72,122
蜘,72,26
镶,72,46
冽,72,30
俣,72,32
偕,72,8
箕,72,46
瑕,72,376
食,72,24
仆,72,10
钳,72,13
挪,72,79
忌,72,14
另,72,22
殴,71,20
糠,71,15
说,71,39
份,71,43
夯,71,8
漓,71,81
芋,71,90
诘,71,45
泯,71,35
妲,71,431
辇,71,200
砺,70,19
募,70,33
诵,70,23
血,70,44
灰,70,21
哦,70,28
镑,70,31
萼,70,79
逛,70,28
巷,70,15
铱,70,68
俱,70,23
僳,69,13
堑,69,17
樺,69,7
槿,69,87
桌,69,19
悍,69,8
赴,69,12
瞬,69,33
乒,69,69
烩,69,63
瑰,69,279
菖,69,19
嫡,69,193
粪,69,4
责,69,10
踊,69,6
萤,69,240
坝,69,7
庠,68,12
鈞,68,10
压,68,43
他,68,15
涅,68,15
鹗,67,15
骚,67,33
眩,67,25
稿,67,11
芾,67,44
危,67,18
砂,67,46
東,67,1
价,67,25
射,67,20
皙,67,84
栅,67,43
勝,67,0
鋈,67,48
霉,67,15
牟,67,30
逞,66,16
料,66,31
興,66,2
廓,66,70
袭,66,46
勺,66,33
置,66,20
撇,66,36
蠢,66,28
蛰,66,20
辆,66,23
剧,66,21
熟,66,28
楫,65,14
贫,65,19
犟,65,9
敕,65,21
签,65,31
泥,65,67
褚,65,23
悉,65,38
豊,65,2
鼓,65,14
绷,65,183
伪,65,20
鹉,65,32
鸯,65,317
妆,65,54
架,64,12
璎,64,242
终,64,21
箱,64,20
陌,64,52
鑑,64,7
押,64,18
屾,64,21
曉,64,28
莞,64,335
腮,64,76
穹,64,26
丸,64,14
暮,64,51
僧,63,8
焊,63,13
璁,63,19
慶,63,3
染,63,59
栽,63,19
涝,63,17
邀,63,28
雌,63,19
馆,62,9
袍,62,9
骜,62,7
逆,62,17
淅,62,84
荏,62,20
迺,62,26
晅,62,16
拼,62,20
束,62,75
壤,62,21
奠,62,9
挽,62,22
旆,62,44
券,62,43
洸,62,4
達,62,2
臭,62,14
绰,61,37
桉,61,29
紹,61,7
篙,61,50
卞,61,30
该,61,10
哓,61,44
乖,61,93
瀑,61,13
很,61,21
输,61,32
麗,61,56
巢,61,8
厌,61,19
散,60,50
墀,60,15
昳,60,122
敞,60,5
枣,60,50
泵,60,5
牢,60,5
棍,60,6
促,60,48
苡,60,155
淀,60,17
催,60,29
骉,60,1
肄,60,36
薏,60,241
宦,60,8
嘲,60,28
担,60,15
做,60,20
橡,60,13
霹,59,27
甚,59,28
丐,59,6
寇,59,17
恍,59,5
面,59,46
茉,59,467
绛,59,69
删,59,44
却,59,20
缜,59,44
胶,59,48
迭,59,10
埠,59,10
暴,59,13
糯,59,39
囝,58,40
缓,58,232
蛋,58,14
讷,58,62
禕,58,41
纤,58,210
仇,58,22
牲,58,14
扑,58,11
柚,58,34
莅,58,61
欽,58,2
烂,58,92
陛,58,5
塚,58,4
錦,58,22
钫,58,27
伐,58,8
闩,58,11
着,57,23
例,57,32
糖,57,18
碘,57,25
绸,57,76
仡,57,5
秤,57,18
锣,57,24
镪,57,2
瑨,57,13
虢,57,8
渌,57,40
衫,56,61
翾,56,32
杆,56,4
抄,56,10
络,56,33
汲,56,13
宬,56,12
捐,56,33
矾,56,31
仅,56,34
衢,56,6
膑,56,5
篷,56,13
忞,56,26
握,56,12
祷,56,14
饮,56,19
锅,56,8
赦,56,17
铤,56,8
羔,56,17
碾,55,21
氢,55,26
击,55,14
弗,55,16
滦,55,39
爰,55,70
蒯,55,31
墚,55,9
摊,55,57
疾,55,13
晌,54,20
茄,54,143
闳,54,13
烯,54,38
滑,54,24
咬,54,8
吼,54,20
儀,54,38
碟,54,124
嫔,54,428
紘,54,5
腺,54,6
柬,54,10
婚,54,33
燧,53,10
鹅,53,96
戒,53,19
骤,53,7
缔,53,24
玑,53,37
晕,53,37
牌,53,10
乏,53,22
妥,53,30
翚,53,19
膨,53,35
浑,53,11
杈,53,23
衎,53,5
圩,53,11
吨,53,7
蕉,52,105
铢,52,27
綦,52,16
契,52,75
倞,52,26
泌,52,24
仃,52,45
荭,52,167
床,52,12
枋,52,20
隋,52,26
瑱,52,36
誓,52,22
吗,52,5
毯,52,19
犹,52,11
钩,52,3
驻,52,20
纺,52,77
翕,52,11
类,52,23
崭,52,15
叫,51,38
棘,51,28
哇,51,10
魂,51,10
侄,51,13
缠,51,47
禁,51,30
磅,51,18
俩,51,19
逐,51,31
锜,51,13
兑,51,16
借,51,48
砥,51,5
咨,51,30
硒,51,24
藕,51,191
誠,51,0
瓜,50,24
答,50,27
禛,50,26
抵,50,8
坑,50,6
愫,50,154
祠,50,10
挂,50,60
梗,50,21
瞩,50,17
蛮,50,44
镊,50,13
疑,50,80
焙,50,31
扈,50,18
织,49,78
打,49,26
软,49,73
卒,49,25
浈,49,77
抽,49,23
涔,49,85
苞,49,18
鸭,49,47
鸡,49,16
洳,49,147
寧,49,6
谰,49,157
瞧,49,47
邺,49,11
嬉,49,233
浣,49,98
滴,49,41
衙,49,12
峣,49,16
阑,49,81
袆,49,47
睛,49,119
娱,49,235
漱,49,103
旁,49,41
錡,48,21
混,48,16
歹,48,11
澤,48,4
蓟,48,22
蛔,48,22
沄,48,30
跻,48,8
旧,48,24
曈,48,23
咚,48,25
磨,48,19
讽,48,24
俗,48,13
樽,48,13
虾,48,185
舆,48,18
拙,48,12
鵬,47,0
蓥,47,41
溧,47,29
档,47,29
据,47,12
睢,47,26
捌,47,9
誊,47,35
呻,47,23
帕,47,29
迸,47,8
椭,47,37
烔,47,8
拖,47,42
妞,47,515
柑,47,28
隘,46,15
榭,46,21
坠,46,12
幂,46,36
郸,46,106
悻,46,13
灸,46,39
澡,46,29
躬,46,4
迥,46,17
帼,46,200
冥,46,13
槽,46,4
鼠,45,13
栢,45,7
剀,45,3
届,45,11
租,45,11
颠,45,32
滟,45,133
芩,45,93
皂,45,8
撞,45,42
扔,45,13
耆,45,10
故,45,33
捧,45,109
遒,45,2
鋐,45,6
披,45,10
镓,45,15
毋,45,20
钐,45,28
虑,45,14
案,45,11
乓,44,10
韪,44,19
缵,44,5
樹,44,0
嚣,44,28
递,44,20
蔑,44,30
柿,44,28
嫒,44,828
藜,44,109
沦,44,7
穿,44,11
蛙,44,41
猫,44,24
拟,44,42
块,44,13
葡,44,593
烙,44,3
砌,44,21
倫,44,5
敷,44,28
茨,44,52
嫚,44,508
琍,44,270
佣,43,170
玠,43,10
娠,43,206
剩,43,19
阚,43,9
蟾,43,54
褥,43,7
穎,43,34
遍,43,14
摄,43,8
便,43,92
狂,43,4
婀,43,144
韻,43,64
疏,43,75
辱,43,14
奡,43,10
淆,43,8
焓,42,32
畦,42,22
煎,42,2
癣,42,20
此,42,16
澹,42,17
股,42,15
钶,42,11
呢,42,64
琉,42,25
溅,42,11
菅,42,97
煤,42,13
绶,42,30
眀,42,15
挑,42,29
拳,42,9
烺,42,6
溜,42,16
跌,42,58
穰,42,26
瓶,42,89
丫,42,208
构,42,9
慜,42,32
佗,42,10
螺,42,94
卧,42,13
阗,42,26
蝈,42,262
揪,41,30
给,41,34
铵,41,7
蔗,41,33
撰,41,9
洧,41,6
贰,41,15
擒,41,5
稔,41,3
谛,41,14
嵋,41,102
酬,41,15
每,41,59
溦,41,56
塬,41,16
锃,41,3
骎,41,23
嬿,41,168
帷,41,13
汴,41,9
耙,41,14
窦,41,24
啦,40,63
缅,40,49
鳃,40,9
钠,40,41
镟,40,28
阙,40,12
羹,40,28
隼,40,2
婪,40,48
靜,40,34
腹,40,21
聖,40,5
順,40,2
叉,40,14
辟,40,8
怪,40,16
膳,40,12
僖,40,21
匹,40,8
娓,39,613
褔,39,2
盒,39,7
詠,39,40
侥,39,10
帙,39,166
裳,39,79
毗,39,64
悯,39,21
垫,39,8
推,39,12
姵,39,69
豁,39,8
凇,39,14
蛾,39,65
斓,39,68
蠕,39,23
泸,39,17
蘩,39,22
珙,39,23
忧,39,37
糊,39,1056
餐,39,20
拢,39,25
拨,39,6
譞,39,30
髓,39,25
唬,39,5
阎,39,13
靑,39,27
纂,39,4
坏,39,16
漢,38,1
楝,38,16
虬,38,7
逯,38,14
筐,38,8
父,38,10
锹,38,16
茴,38,62
旼,38,13
樨,38,45
写,38,20
蜻,38,37
硅,38,12
禀,38,7
吻,38,29
趟,38,19
拽,38,10
侍,38,11
伞,38,28
茭,38,37
翃,38,14
煇,38,2
牵,37,30
哼,37,9
夸,37,16
吧,37,24
斧,37,6
進,37,2
玳,37,55
爆,37,4
裁,37,19
琶,37,10
鞭,37,9
掀,37,12
爹,37,23
些,37,269
惯,37,10
覆,37,20
缸,37,31
愁,37,44
胃,37,11
框,37,9
陽,37,5
堔,37,21
昺,37,7
锂,37,14
菽,37,82
栈,37,1
挣,37,8
闾,37,15
颗,36,33
孛,36,13
掠,36,7
轸,36,28
瑢,36,75
悔,36,73
互,36,14
辜,36,10
熘,36,11
猴,36,5
吒,36,10
憲,36,2
巫,36,17
蹬,36,4
畋,36,28
咯,36,18
剛,36,1
彐,36,24
孤,36,274
使,36,23
钓,36,9
凳,36,20
広,36,2
阂,36,22
燏,35,15
恿,35,15
钾,35,8
樯,35,6
泞,35,40
漆,35,11
泪,35,26
嫄,35,174
馏,35,19
綺,35,15
發,35,0
帏,35,13
邸,35,12
臃,35,14
湜,35,17
抑,35,10
渲,35,36
偏,35,61
搬,35,25
徵,35,14
堉,35,15
蚕,35,33
吁,35,10
妇,35,16
荇,35,28
揚,35,1
邕,35,6
碑,35,9
杠,35,6
急,35,9
辐,35,5
隔,35,46
孬,35,1
稽,35,14
辫,35,17
貴,35,3
仉,35,20
寶,34,8
她,34,19
被,34,29
钮,34,22
崽,34,3
圮,34,28
瞎,34,37
杓,34,7
噶,34,10
鋒,34,3
暗,34,17
伺,34,6
萎,34,23
它,34,5
梢,34,28
窒,34,9
寥,34,24
沨,34,6
學,34,3
囱,34,4
榉,34,6
迫,34,7
尕,34,38
陨,34,19
甡,34,16
豢,34,16
皛,34,32
盂,34,13
湍,34,5
逃,34,16
瑭,34,11
胺,33,5
浇,33,29
聰,33,1
瑒,33,21
酩,33,4
汞,33,6
肉,33,14
趋,33,12
洱,33,9
钝,33,2
渴,33,24
弱,33,15
哎,33,11
畑,33,6
敛,33,15
冼,33,7
匆,33,26
狼,33,2
救,33,7
句,33,10
祟,33,16
捻,33,26
亓,33,22
夹,33,9
麾,33,3
奄,33,14
锈,33,53
恃,33,7
吹,33,48
捡,33,26
掉,33,12
衬,33,102
呀,33,35
遮,33,13
哺,33,13
迂,33,6
炭,32,8
铲,32,4
迢,32,10
軒,32,4
跷,32,32
谞,32,8
梽,32,0
锞,32,10
愧,32,21
谧,32,54
触,32,18
猜,32,49
譬,32,24
璿,32,21
坯,32,11
枧,32,7
惇,32,8
焉,32,50
钡,32,16
没,32,32
蝗,32,10
剪,31,20
遨,31,2
嵇,31,7
徹,31,0
缉,31,11
饿,31,22
呵,31,28
翯,31,13
妈,31,17
鸫,31,8
甥,31,12
菌,31,37
笺,31,12
畜,31,8
撤,31,8
卖,31,10
篇,31,22
苕,31,25
傈,31,12
窝,31,10
颛,31,8
俍,31,9
雒,31,10
恨,31,173
呸,31,10
熀,31,3
奢,31,16
乞,31,10
芗,31,84
杖,31,2
窿,31,2
胸,31,5
崃,31,15
礽,31,12
荑,31,48
岽,31,8
鼐,31,4
褀,30,6
抓,30,2
辗,30,10
缚,30,11
雹,30,4
磕,30,11
呐,30,30
尺,30,5
玙,30,54
橱,30,25
駿,30,0
淄,30,10
檑,30,5
墒,30,20
亩,30,5
悄,30,84
書,30,4
邰,30,38
绫,30,60
蘸,30,19
幅,30,21
姑,30,350
卑,30,9
沟,30,4
攘,30,31
差,30,17
嫜,30,45
臧,30,7
酪,30,9
硬,30,4
圪,30,2
瞅,30,11
哮,30,6
栏,30,40
辩,30,13
吞,30,19
盺,30,18
鸳,30,244
酥,29,19
苦,29,12
昧,29,31
铌,29,69
藉,29,28
陀,29,6
走,29,11
锯,29,5
啡,29,64
豐,29,1
钤,29,8
铙,29,9
恆,29,1
镀,29,3
杵,29,6
斟,29,22
陞,29,0
蹦,29,87
嫁,29,19
脑,29,8
苌,29,4
啼,29,15
眷,29,22
判,29,7
幺,29,42
痕,29,31
碉,29,8
但,29,14
晛,29,7
燦,29,2
困,29,14
晧,29,3
粗,29,2
崐,29,2
邴,29,23
懦,29,12
婓,29,46
濒,29,33
沭,29,22
般,28,16
昨,28,11
笳,28,17
耽,28,25
锑,28,13
廣,28,0
嘏,28,11
乱,28,8
撅,28,12
筌,28,8
崚,28,7
谤,28,4
誌,28,4
茆,28,9
镱,28,20
烊,28,9
斡,28,6
褘,28,11
儡,28,24
乳,28,20
荦,28,18
摈,28,7
罚,28,15
扛,28,4
札,28,8
暂,28,13
瓷,28,12
盔,28,5
炸,28,7
寡,28,16
鳖,28,16
烦,28,10
洹,28,11
瑩,28,31
母,28,22
儆,28,12
偿,28,4
柘,27,7
抛,27,9
洮,27,9
焚,27,17
晾,27,14
杂,27,30
柞,27,7
枯,27,7
訇,27,9
桶,27,18
割,27,1
弃,27,17
拣,27,9
腑,27,29
釉,27,14
勿,27,24
赡,27,7
衰,27,17
伫,27,8
湉,27,73
晡,27,16
这,27,11
炊,27,11
瞒,27,19
魔,27,11
娒,27,6
锎,26,3
赃,26,6
背,26,21
懈,26,9
嘱,26,6
剿,26,45
贩,26,2
鄢,26,32
萝,26,55
替,26,9
弧,26,9
唁,26,19
潋,26,27
颤,26,40
短,26,9
嫌,26,90
龟,26,10
笼,26,12
肴,26,31
菏,26,28
苔,26,62
戏,26,13
崛,26,2
淯,26,12
詩,26,18
膝,26,6
厨,26,7
篾,26,10
赔,26,21
诩,26,6
揽,26,23
烧,26,6
窟,26,4
嫱,26,357
逖,26,4
谯,26,65
纷,26,122
曳,26,16
掇,26,19
凎,26,0
庾,26,8
码,26,11
喀,26,5
腰,26,30
潢,26,6
暨,26,6
避,26,5
孕,26,11
訾,26,19
捆,25,12
妻,25,10
弭,25,13
撕,25,96
控,25,7
罩,25,7
庵,25,3
缇,25,52
俺,25,6
佾,25,10
椹,25,14
浤,25,2
淩,25,13
浥,25,25
桄,25,3
諭,25,1
鳳,25,28
煅,25,12
忘,25,5
锺,25,7
啤,25,2
劢,25,10
長,25,0
钛,25,1
蘑,25,15
刑,25,6
怜,25,166
謙,25,1
琐,25,13
臆,25,36
炙,25,15
砰,25,24
鞋,25,11
砒,25,14
峄,25,3
嶷,25,19
逼,25,10
削,25,5
煥,25,6
泺,25,6
瞪,25,5
埋,25,20
崙,25,3
赚,25,3
蹊,25,15
捕,25,9
沽,25,43
否,25,11
蒨,25,76
膛,24,5
潆,24,59
姨,24,53
菇,24,38
燿,24,4
稗,24,24
掷,24,22
贴,24,12
虫,24,12
篆,24,26
偷,24,12
墓,24,4
底,24,10
贶,24,3
袅,24,16
掣,24,8
塍,24,1
嶋,24,1
沢,24,5
荥,24,13
烃,24,5
亞,24,8
汨,24,20
片,24,21
眭,24,11
傧,24,5
厢,24,16
眨,24,9
拇,24,10
祀,24,0
售,24,14
耻,24,10
褒,24,13
匣,24,52
返,24,10
惧,24,5
弹,24,17
蠡,24,2
佯,24,15
戮,24,13
泡,24,19
邪,24,4
媒,24,13
簿,24,8
湄,24,102
拍,24,10
榔,23,18
嶂,23,0
憾,23,19
纾,23,48
诌,23,20
趸,23,5
减,23,13
阐,23,10
肋,23,6
枨,23,7
魄,23,3
萄,23,51
芍,23,88
嶔,23,1
液,23,12
寂,23,20
拄,23,5
篮,23,30
梳,23,25
突,23,7
抢,23,3
酷,23,15
肿,23,9
嘻,23,13
缝,23,10
涎,23,2
丢,23,13
笏,23,2
唇,23,25
増,23,1
荩,23,23
郇,23,6
斛,23,11
匠,23,10
躁,23,9
盯,23,17
萦,23,63
檩,23,2
聋,23,18
们,23,8
堯,22,2
鎮,22,0
嶙,22,7
猪,22,14
粥,22,3
僵,22,8
鸷,22,4
骠,22,1
芥,22,17
姮,22,102
袱,22,1
描,22,23
岺,22,19
廼,22,2
邝,22,43
逗,22,60
靛,22,17
羌,22,10
倦,22,9
艿,22,12
菀,22,100
玚,22,13
肜,22,10
遠,22,1
揖,22,5
旵,22,2
篡,22,9
遭,22,6
病,22,4
鬼,22,6
较,22,13
骇,22,6
芫,21,35
檄,21,13
叨,21,2
桠,21,26
渗,21,5
捞,21,7
瓅,21,28
溺,21,2
恵,21,18
颙,21,3
傀,21,37
飛,21,2
硝,21,11
矜,21,30
稍,21,11
胁,21,5
軍,21,4
蘋,21,51
纠,21,6
盅,21,4
莒,21,8
佬,21,6
戢,21,13
纭,21,21
缄,21,14
瑙,21,24
莼,21,29
傍,21,19
踌,21,8
椽,21,3
忭,21,5
膊,21,4
蓑,21,11
咙,21,3
锢,21,8
饭,21,6
仂,20,11
氮,20,11
妨,20,71
咳,20,3
驼,20,6
囿,20,9
甍,20,12
铗,20,10
暧,20,12
轫,20,5
珧,20,8
窗,20,9
扇,20,34
孪,20,21
枰,20,8
酋,20,3
鏖,20,2
侧,20,7
裹,20,2
珵,20,19
錞,20,6
痴,20,282
怖,20,2
橄,20,19
扭,20,22
茎,20,23
鞘,20,13
铰,20,8
玏,20,4
汹,20,3
溉,20,3
嵚,20,13
纮,20,4
吃,20,8
樂,20,3
勲,20,0
貞,20,19
裸,20,0
悫,20,7
绝,20,18
柽,20,2
讨,20,7
蹈,20,9
晉,20,0
哒,20,10
羣,20,2
酝,20,7
逹,20,2
胞,20,3
幌,20,3
估,20,6
撬,20,23
倢,20,13
紀,19,3
畸,19,7
塌,19,9
島,19,1
笈,19,5
舷,19,4
揭,19,4
睬,19,11
葬,19,30
逮,19,6
跨,19,3
腐,19,8
愷,19,5
胎,19,16
奭,19,4
淹,19,10
诱,19,122
歉,19,22
棻,19,16
褐,19,4
镗,19,1
財,19,1
耗,19,9
肝,19,14
椋,19,4
婶,19,15
畯,19,0
浡,19,2
媞,19,71
睫,19,33
壑,19,6
嗡,19,8
琭,19,7
孳,19,11
棽,19,9
襟,19,7
擅,19,9
峋,19,3
厘,19,16
眠,19,14
烤,19,3
粕,19,6
菩,19,19
洼,19,6
滤,19,17
搞,19,4
址,19,16
喷,19,11
挠,19,13
掘,19,5
汊,19,15
郜,19,75
砣,19,4
汎,19,6
歪,19,11
帐,19,6
湫,19,28
夆,19,1
棂,19,11
沆,18,3
毳,18,32
酣,18,8
濡,18,18
為,18,2
嶺,18,3
孽,18,4
棪,18,5
峘,18,6
焮,18,7
惫,18,2
匪,18,5
踞,18,2
徕,18,7
晹,18,4
蟠,18,9
喨,18,2
坍,18,16
喊,18,8
棟,18,0
纽,18,23
泫,18,9
裂,18,6
锫,18,13
蘭,18,18
戳,18,3
爷,18,6
逄,18,9
復,18,5
讼,18,1
窘,18,16
傻,18,9
垛,18,6
梃,18,4
岢,18,2
稠,18,6
堅,18,0
仨,18,2
帽,18,10
闷,18,10
帖,18,10
吵,18,14
梆,18,79
纱,18,97
秃,18,1
蜒,18,19
淬,18,18
紅,18,25
摸,18,5
瓢,18,86
純,17,11
剖,17,2
頲,17,4
嶽,17,1
汁,17,24
舌,17,8
舀,17,4
蛆,17,9
戡,17,2
皱,17,10
芪,17,8
损,17,4
迤,17,11
獭,17,13
粘,17,15
繼,17,0
齊,17,1
诶,17,6
權,17,2
猿,17,4
锏,17,6
徇,17,10
苯,17,7
弩,17,4
赪,17,17
榅,17,1
棹,17,6
輔,17,0
暉,17,2
侵,17,2
琲,17,33
踪,17,1
昵,17,24
掺,17,5
编,17,7
濯,17,2
汰,17,2
隅,17,7
酌,17,4
箩,17,7
飓,17,4
沤,17,12
肛,17,5
撩,17,1
嚼,17,7
擦,17,5
鬃,17,11
犊,17,2
橘,17,25
踏,17,7
滞,17,9
烱,17,2
蹇,16,6
妫,16,38
楗,16,1
诫,16,3
裤,16,3
罔,16,4
抡,16,1
搀,16,15
扒,16,4
攫,16,9
妊,16,31
辍,16,6
蚀,16,9
绽,16,28
斜,16,10
孰,16,8
贽,16,1
邬,16,2
钹,16,1
鼻,16,4
淵,16,0
荞,16,35
胧,16,4
铼,16,2
薯,16,12
笨,16,5
截,16,13
窍,16,6
鵾,16,3
崤,16,8
仗,16,2
珪,16,6
悲,16,6
滁,16,20
酶,16,16
缀,16,23
糕,16,9
矣,16,14
盏,16,15
稣,16,13
厄,16,0
除,16,7
氖,16,5
挹,16,9
挡,16,19
罢,16,14
業,16,1
窜,16,7
距,16,4
脊,16,2
墟,16,6
恤,16,9
憎,16,3
幹,16,1
铡,16,17
町,16,11
咀,16,4
箍,16,5
吝,16,8
堵,16,7
害,16,7
攒,16,8
澐,16,14
潦,16,7
躲,15,21
酗,15,10
巅,15,4
圹,15,0
俚,15,5
刺,15,25
碳,15,7
低,15,3
惹,15,15
黠,15,9
愛,15,14
嘶,15,33
灭,15,6
沩,15,6
蕻,15,22
螟,15,15
惦,15,6
轨,15,1
緯,15,0
哑,15,24
猎,15,3
屺,15,1
悝,15,3
阻,15,4
婆,15,30
俯,15,4
娌,15,32
缮,15,6
嵐,15,9
勛,15,3
楸,15,14
兀,15,5
甯,15,29
掏,15,4
哟,15,5
嗌,15,11
澂,15,4
炟,15,8
谔,15,2
萸,15,40
尿,15,2
黍,15,7
汭,15,7
欺,15,6
脇,15,0
剂,15,9
投,15,3
臼,15,4
爸,15,0
缆,15,0
幡,15,2
瞾,15,14
瑷,15,60
狱,15,2
痒,15,5
嵊,15,2
拦,15,7
涞,15,5
暋,15,1
蛏,15,8
退,15,2
缺,15,45
舢,15,6
缯,15,6
焌,15,5
拎,15,38
鬓,15,6
啄,15,6
湿,15,7
塨,15,2
囯,15,2
钙,15,11
倘,15,10
泂,15,1
扫,15,2
婿,15,21
谍,15,35
彣,15,7
嚷,15,7
脱,15,9
橋,15,0
蚌,15,4
筒,15,10
嫉,15,17
奸,14,15
蜡,14,23
僮,14,14
騰,14,0
颈,14,5
厩,14,8
渣,14,8
骍,14,2
诰,14,3
陋,14,3
哩,14,19
浬,14,5
灜,14,1
錫,14,0
骗,14,6
肌,14,3
腻,14,3
附,14,5
匿,14,3
嗄,14,4
倭,14,12
愤,14,6
囚,14,5
绞,14,34
把,14,5
壶,14,5
脓,14,11
蛊,14,3
謇,14,5
闺,14,70
哆,14,11
骨,14,10
俅,14,3
昃,14,2
刷,14,13
菂,14,23
傥,14,1
幢,14,5
嬴,14,13
铷,14,31
冤,14,10
姻,14,74
匙,14,4
脸,14,10
轿,14,11
昫,14,2
瞄,14,17
蔫,14,11
妩,14,56
莛,14,14
腔,14,1
豺,14,1
尸,14,6
辂,14,1
堇,14,14
藐,14,22
饼,14,8
榈,14,5
堀,14,2
矮,14,3
顯,14,0
懒,14,5
胚,14,9
滿,14,2
翦,14,1
肚,14,2
偌,14,20
锗,14,7
骙,14,2
撮,14,2
跞,14,4
曻,14,0
硫,14,3
煒,14,1
氧,14,6
兖,14,3
铆,14,5
逻,14,11
昴,13,1
祗,13,1
昙,13,11
屡,13,6
瑸,13,3
蟒,13,2
劬,13,2
铛,13,7
妖,13,54
郗,13,28
燥,13,8
潔,13,15
忽,13,6
暻,13,6
遴,13,2
倒,13,12
骕,13,2
嘟,13,12
竭,13,4
馋,13,9
牺,13,4
氯,13,6
憧,13,6
抖,13,4
廊,13,42
诉,13,3
酿,13,2
訸,13,4
砧,13,5
肤,13,9
浊,13,5
開,13,0
憋,13,5
呷,13,7
趾,13,4
绢,13,115
妏,13,28
隗,13,4
滈,13,0
禽,13,7
郞,13,0
竿,13,12
伋,13,1
槛,13,1
唆,13,5
肈,13,0
烝,13,2
淝,13,2
畹,13,35
刈,13,7
酮,13,6
断,13,58
枉,13,3
娲,13,67
阡,13,8
莑,13,1
龋,13,1
勾,13,3
绂,13,8
璆,13,12
穴,13,4
寬,13,1
衿,13,5
玓,13,19
怕,13,4
劈,13,6
褪,13,6
袜,13,4
畇,13,6
覅,13,10
呛,13,2
恶,12,5
洌,12,5
哄,12,6
卅,12,9
惶,12,0
镌,12,11
嵛,12,5
赎,12,1
栀,12,3
灝,12,0
湟,12,0
皝,12,4
暤,12,2
舔,12,35
碚,12,7
噢,12,2
迨,12,3
缎,12,25
叛,12,3
萁,12,10
脂,12,84
禮,12,0
兜,12,7
碩,12,2
袒,12,0
埙,12,2
赈,12,1
暠,12,0
颁,12,10
廸,12,0
迄,12,2
爪,12,6
酸,12,6
吸,12,5
咕,12,5
吩,12,8
钘,12,5
弁,12,2
谁,12,10
褶,12,11
莳,12,17
晢,12,2
遁,12,3
瞰,12,1
肺,12,6
崩,12,2
恁,12,4
霰,12,8
蔬,12,12
醛,12,1
騏,12,0
騄,12,0
溆,12,2
沌,12,54
洐,12,3
媖,12,34
埜,12,2
肸,12,6
茳,12,9
抬,12,9
榷,12,5
腥,12,5
銓,12,0
铕,12,2
磋,12,40
枥,12,3
死,12,2
棨,12,1
讫,12,4
盗,12,5
愔,12,23
贼,12,2
苾,12,24
恙,12,5
郏,12,93
斥,12,3
觊,12,4
顗,12,2
谴,12,3
谜,12,23
脯,12,5
秭,12,13
颓,12,140
愣,12,3
粽,12,4
镠,12,5
帘,12,8
跋,11,8
掳,11,7
歇,11,7
侹,11,1
蚤,11,0
阀,11,6
則,11,0
廪,11,0
綱,11,0
珥,11,12
硙,11,5
碍,11,8
惑,11,8
旒,11,10
煽,11,7
版,11,5
孵,11,7
恐,11,6
飈,11,0
鹦,11,29
翛,11,8
弨,11,1
恫,11,7
錩,11,1
伉,11,5
嫫,11,74
阪,11,0
熳,11,55
秆,11,1
叹,11,6
競,11,16
勣,11,3
煮,11,4
荘,11,7
硷,11,5
摹,11,4
蛀,11,12
痛,11,3
辖,11,2
氐,11,6
垓,11,0
瓞,11,3
浛,11,17
堕,11,2
渚,11,2
噜,11,1
砍,11,4
箔,11,8
鈜,11,6
鏐,11,4
怔,11,3
喇,11,17
衛,11,0
鋕,11,0
彗,11,21
幔,11,151
糜,11,5
邨,11,1
棫,11,2
濤,11,2
氨,11,3
荚,11,61
饴,11,3
抨,11,1
匝,11,5
掖,11,4
烫,11,3
蒜,11,4
坟,11,5
哀,11,5
嶒,11,2
辣,11,11
账,11,7
凹,11,5
罄,11,7
滂,11,1
茧,11,6
悼,11,1
苠,11,5
嘛,11,11
兽,11,4
嗽,11,3
镫,11,3
涿,11,5
蟹,11,10
鳔,11,6
泄,11,3
饲,11,16
谂,11,12
奀,11,6
镣,11,4
窈,10,50
烬,10,7
萬,10,0
邃,10,7
矽,10,5
诃,10,4
呁,10,7
拷,10,1
蛹,10,17
簪,10,20
炆,10,6
瑤,10,10
聲,10,3
綮,10,2
袤,10,1
媳,10,38
効,10,3
鸦,10,4
冏,10,3
吖,10,12
晤,10,3
黾,10,2
舱,10,12
檠,10,0
汜,10,2
垅,10,0
衅,10,5
搭,10,3
駸,10,1
挤,10,3
賽,10,4
匏,10,13
韭,10,6
瘫,10,2
扳,10,3
滏,10,2
嶢,10,0
筵,10,8
槊,10,0
秾,10,12
磺,10,10
熤,10,2
哿,10,5
渟,10,12
堏,10,5
昏,10,18
鳴,10,1
芭,10,18
玭,10,28
掩,10,0
湲,10,36
袄,10,3
篓,10,8
搪,10,1
喂,10,4
揣,10,0
峒,10,1
馒,10,63
堋,10,1
蹿,10,8
摘,10,4
悸,10,5
漏,10,7
逝,10,2
蝇,10,0
啻,10,5
桎,10,0
晙,10,5
铫,10,8
腆,10,6
実,10,1
耍,10,4
孖,10,2
碇,10,0
摆,10,4
莨,10,0
仄,10,2
岍,10,2
拭,10,2
笪,10,10
暇,10,42
乍,10,1
偎,10,0
偃,10,3
來,10,1
脆,10,18
囧,10,7
找,10,4
柁,10,0
弸,9,2
讴,9,11
骸,9,2
傳,9,0
憶,9,8
鎔,9,5
竜,9,0
葶,9,45
湦,9,0
爻,9,4
羞,9,34
渂,9,4
矶,9,1
拆,9,5
鍠,9,0
訓,9,0
鳄,9,2
氦,9,1
韋,9,1
娶,9,7
煖,9,4
蹲,9,3
蕖,9,16
枳,9,12
熇,9,4
脏,9,2
紊,9,12
搓,9,2
蛤,9,6
妗,9,17
怍,9,12
噪,9,3
撵,9,2
洄,9,2
蚜,9,7
饱,9,1
镡,9,2
筋,9,3
倓,9,8
邡,9,2
闸,9,6
嚏,9,6
镨,9,2
氚,9,7
鄞,9,4
痢,9,25
莊,9,5
瑊,9,6
疫,9,0
寮,9,2
範,9,0
钕,9,13
镅,9,33
诀,9,7
鸰,9,5
玘,9,10
驊,9,2
毖,9,4
濱,9,0
葫,9,32
乂,9,13
淸,9,5
漭,9,1
緖,9,1
暕,9,1
侮,9,5
贷,9,10
踩,9,10
揩,9,5
残,9,5
桡,9,3
鈴,9,6
玕,9,4
凄,9,4
锲,9,2
喝,9,1
窖,9,8
碴,9,2
迩,9,8
筏,9,4
囍,9,2
連,9,2
桨,9,1
闿,9,5
運,9,2
苧,9,9
鶴,9,0
嗨,9,2
浆,9,3
骈,9,0
沓,9,5
琵,9,8
怌,9,2
珐,9,1
蹋,9,8
埭,9,2
槌,9,3
坫,9,0
熄,9,3
胳,9,6
珒,9,9
缴,9,5
珝,9,4
蚁,9,8
稹,9,2
臀,9,5
谙,9,8
敉,9,10
礅,9,0
瑧,9,2
捅,9,4
捂,9,3
祤,8,4
標,8,0
拘,8,3
飔,8,10
咽,8,1
楦,8,4
萩,8,24
笕,8,0
漯,8,1
搂,8,0
纸,8,43
脾,8,5
瓛,8,4
億,8,2
辊,8,3
苻,8,2
怛,8,2
踔,8,1
掸,8,2
倉,8,0
弌,8,5
贊,8,0
後,8,2
纨,8,13
唾,8,4
兒,8,7
郓,8,3
鸶,8,7
眯,8,39
俘,8,2
瑆,8,3
颌,8,3
蜕,8,7
宕,8,1
綸,8,0
斅,8,3
眸,8,5
瓮,8,4
浯,8,0
迮,8,2
蔽,8,5
刹,8,16
矞,8,9
浸,8,2
尙,8,1
榀,8,1
啥,8,6
刽,8,2
钖,8,2
愐,8,0
滉,8,0
砜,8,2
迓,8,0
垭,8,9
寞,8,11
贮,8,5
逑,8,3
蕲,8,7
墘,8,1
醴,8,1
邗,8,1
儁,8,3
吊,8,7
憓,8,7
姊,8,32
婳,8,56
炒,8,2
瑲,8,2
罴,8,0
岬,8,1
黉,8,4
沺,8,8
讹,8,2
菓,8,5
镏,8,3
蹄,8,0
乜,8,4
岌,8,1
湶,8,0
摔,8,5
辄,8,1
馈,8,9
嫂,8,345
啪,8,10
栄,8,2
冢,8,1
荨,8,5
棓,8,1
糟,8,4
録,8,1
扯,8,2
俦,8,1
驴,8,1
侩,8,5
铚,8,0
挫,8,8
卲,8,6
喬,8,1
佈,8,2
轧,8,2
您,8,4
劵,8,8
俽,8,2
煚,8,5
妒,8,7
杳,8,6
嶸,8,1
橇,8,4
璡,8,1
抿,8,9
睆,8,5
凶,8,6
垟,8,4
皜,8,0
鈡,8,3
氛,8,248
蓮,8,15
氓,8,3
錾,8,0
锆,8,1
凿,8,2
艷,8,12
凸,7,4
刨,7,1
甩,7,36
崯,7,3
茀,7,1
肘,7,4
埏,7,1
纫,7,22
胯,7,1
废,7,4
皊,7,34
蚓,7,3
虤,7,0
颊,7,8
锘,7,5
芠,7,3
恝,7,4
帚,7,1
悰,7,3
蔻,7,5
霙,7,14
姍,7,4
瑮,7,5
颿,7,2
畬,7,0
闱,7,4
溁,7,0
應,7,1
钍,7,2
獒,7,1
屉,7,7
镥,7,3
竝,7,2
齡,7,8
戽,7,2
慥,7,0
婢,7,2
佥,7,0
徼,7,16
钬,7,1
烹,7,4
肾,7,5
蹭,7,2
咤,7,4
驩,7,0
鉎,7,1
玶,7,8
籁,7,5
妘,7,22
嘘,7,3
虱,7,3
瑫,7,4
剥,7,3
嘹,7,1
隙,7,3
隰,7,1
岵,7,0
雋,7,0
鸵,7,8
杪,7,6
煲,7,0
沮,7,6
鍊,7,1
朽,7,5
圜,7,3
稞,7,0
噗,7,2
渕,7,1
姥,7,3
荠,7,17
晸,7,0
狸,7,5
绗,7,5
铈,7,0
腿,7,1
寛,7,0
夐,7,0
竫,7,8
厷,7,1
怨,7,7
铪,7,5
倔,7,3
疼,7,4
插,7,9
琁,7,5
臂,7,13
棐,7,2
颦,7,6
鞥,7,2
阊,7,2
拐,7,2
榄,7,5
埝,7,3
婍,7,19
暁,7,4
睽,7,1
脖,7,2
醋,7,4
闶,7,0
僻,7,2
茬,7,7
瀟,7,7
醚,7,5
淤,7,2
異,7,2
陂,7,0
槎,7,3
烷,7,11
崝,7,1
親,7,0
鲛,7,7
璈,7,2
胂,7,2
嫀,7,4
谗,7,3
呕,7,5
蚺,7,4
尓,7,0
饵,7,8
窕,7,42
浃,7,0
卵,7,45
鶄,7,1
贿,7,4
橦,7,18
哭,7,3
儇,7,3
呤,7,16
瓊,7,5
嗥,7,1
菻,7,3
鏻,7,0
骛,7,1
汔,7,1
绑,7,6
蜓,7,15
鞒,7,0
耜,7,0
岔,7,1
潤,7,1
衠,7,2
腕,7,14
錬,7,0
呦,7,2
菥,6,4
瘦,6,2
銧,6,0
杕,6,0
汩,6,4
薀,6,3
涢,6,7
賜,6,2
绦,6,5
逦,6,20
怎,6,1
锠,6,0
轷,6,3
瞭,6,2
恣,6,2
賓,6,0
滝,6,0
嫈,6,15
玹,6,4
愍,6,2
騋,6,1
燐,6,1
劍,6,1
鹢,6,2
芨,6,2
浲,6,0
搁,6,6
寯,6,0
渃,6,1
鐘,6,3
涸,6,7
疯,6,8
龒,6,2
郯,6,2
鈿,6,3
絜,6,14
滥,6,0
姁,6,18
嗳,6,2
逶,6,3
約,6,0
珖,6,7
資,6,1
記,6,1
陡,6,0
詮,6,0
毡,6,5
靴,6,0
剔,6,3
湳,6,3
徊,6,5
創,6,0
巘,6,0
泇,6,2
竽,6,4
灾,6,2
伈,6,9
裆,6,2
倖,6,7
歙,6,2
泻,6,1
滓,6,34
缢,6,1
牯,6,1
翙,6,1
璕,6,8
诊,6,16
礞,6,1
壽,6,0
礡,6,2
擞,6,3
嗯,6,3
徉,6,2
蕓,6,6
腱,6,2
瞥,6,1
苫,6,1
謀,6,1
唪,6,6
篤,6,2
诬,6,1
榨,6,1
仵,6,2
伃,6,17
菟,6,2
榤,6,0
顔,6,3
栊,6,0
榃,6,1
噬,6,0
敩,6,3
騂,6,0
谒,6,2
拧,6,8
嬛,6,20
偊,6,2
釗,6,1
錶,6,0
屑,6,2
饥,6,1
豌,6,5
躺,6,3
瀅,6,5
锖,6,6
歼,6,4
酱,6,8
簃,6,1
時,6,1
煕,6,0
琻,6,1
筇,6,6
圯,6,2
屴,6,2
懷,6,2
魅,6,6
锝,6,1
搅,6,3
錄,6,0
耪,6,0
惮,6,1
谵,6,1
岙,6,1
惩,6,4
埼,6,5
塽,6,5
瘤,6,0
俑,6,1
喵,6,11
眧,6,0
癌,6,1
扦,6,5
斩,6,2
雎,6,2
啧,6,0
忡,6,2
淌,6,5
缈,6,6
崗,6,0
辺,6,1
桷,6,5
嫘,6,19
琸,6,1
褂,6,4
鎗,6,0
膘,6,2
涑,6,4
臾,6,4
尅,6,2
袋,6,4
鑛,6,0
诈,6,2
忖,6,2
氰,6,4
伤,6,2
瀬,6,2
睹,6,4
咱,6,2
筷,6,3
咋,6,6
軻,6,2
議,6,2
墇,6,0
貂,6,5
驌,6,1
叭,6,7
偐,6,3
葉,6,3
厕,6,4
殳,6,4
硌,6,3
賀,6,1
溃,6,3
壎,6,1
楙,5,3
見,5,0
涡,5,2
蒞,5,3
闭,5,3
缌,5,9
鎰,5,0
舲,5,16
嫻,5,5
窃,5,71
燁,5,3
佂,5,4
躍,5,0
颃,5,1
週,5,2
顒,5,2
钪,5,0
苘,5,2
鉄,5,3
狰,5,5
熴,5,0
鶤,5,1
债,5,3
倧,5,0
痊,5,1
燠,5,2
妄,5,4
讥,5,7
殖,5,2
忒,5,1
湔,5,1
洎,5,3
锽,5,0
毜,5,3
挞,5,5
忺,5,2
氡,5,0
優,5,4
诜,5,0
皕,5,1
咛,5,8
栲,5,0
熲,5,2
杼,5,7
廑,5,2
曄,5,2
桤,5,2
柃,5,6
磙,5,0
柢,5,0
嚎,5,4
垮,5,1
诡,5,1
挟,5,7
嫺,5,8
動,5,0
爕,5,0
堦,5,0
栯,5,0
吭,5,1
隍,5,0
堙,5,4
猩,5,2
茺,5,1
骖,5,1
螓,5,3
鍚,5,1
啵,5,0
驎,5,1
滌,5,4
嫖,5,9
勁,5,0
淖,5,45
柸,5,0
夼,5,1
鏵,5,1
炕,5,1
棺,5,3
钽,5,4
葑,5,5
钨,5,4
莓,5,25
苋,5,6
祿,5,0
沏,5,4
寐,5,16
儉,5,0
場,5,0
娈,5,95
坜,5,2
鞅,5,1
顕,5,2
铋,5,3
珎,5,4
匍,5,6
伲,5,9
椎,5,4
漉,5,6
馁,5,3
泐,5,0
睇,5,7
豛,5,0
騛,5,1
蜚,5,2
戗,5,0
驸,5,0
煋,5,1
锒,5,0
鉥,5,0
箬,5,12
沱,5,0
岖,5,0
讶,5,3
匈,5,3
惍,5,1
榫,5,2
蛛,5,13
轺,5,1
喳,5,1
埈,5,1
缃,5,11
佴,5,1
傣,5,2
侪,5,1
狩,5,1
繆,5,1
頡,5,1
剃,5,2
捶,5,8
摧,5,3
咐,5,0
伎,5,9
栳,5,0
雱,5,7
雇,5,1
偈,5,1
趯,5,1
塗,5,0
缩,5,4
蛐,5,1
雩,5,7
愕,5,1
败,5,3
虏,5,0
鸠,5,3
苪,5,11
壅,5,0
頎,5,0
咎,5,4
锔,5,0
鹫,5,4
薮,5,0
酚,5,5
棡,5,1
弇,5,3
適,5,0
叼,5,2
醌,5,1
症,5,0
铓,5,1
雉,5,2
藝,5,2
诅,5,0
骡,5,0
猗,5,9
隈,5,0
驥,5,0
爬,5,1
榘,5,2
間,5,0
拮,5,3
镤,5,3
凊,5,1
歘,5,0
蒼,5,0
捃,5,8
條,5,1
俎,5,3
媜,5,6
镘,5,11
頌,5,2
淫,5,1
羁,5,0
挈,5,0
舣,5,2
胀,5,1
涩,5,4
評,5,0
柟,5,4
辚,5,2
稲,5,2
躇,5,2
實,5,0
拒,5,3
搴,5,0
绲,5,0
劻,5,0
羴,5,2
昰,5,1
昦,5,3
琯,5,2
痪,5,0
摞,5,0
枏,5,2
捉,5,6
噫,5,2
牣,5,1
壵,5,1
氪,5,0
韜,5,1
刮,5,0
鋭,5,2
昝,5,16
繇,5,2
馬,5,0
咩,5,2
媄,5,13
涥,5,2
尭,5,1
嗜,4,3
籼,4,3
狭,4,5
粑,4,0
紋,4,2
驽,4,3
翹,4,0
寤,4,0
赊,4,2
唧,4,3
鉦,4,0
殆,4,2
尻,4,2
煐,4,0
茌,4,2
豋,4,0
風,4,0
掁,4,2
咣,4,0
爚,4,0
師,4,0
靚,4,1
搐,4,2
磻,4,1
邳,4,0
痔,4,0
銳,4,0
躯,4,4
锛,4,0
莙,4,20
髙,4,2
抹,4,4
颎,4,0
骂,4,3
湑,4,0
矇,4,0
讪,4,3
遹,4,0
缦,4,22
菕,4,2
枘,4,5
襦,4,0
穂,4,3
叩,4,2
峁,4,1
炖,4,0
煞,4,1
浍,4,12
揍,4,1
譁,4,1
嬷,4,2
戆,4,1
戋,4,3
墡,4,0
畊,4,0
塾,4,2
粳,4,4
坞,4,1
胢,4,1
旃,4,3
楟,4,0
庇,4,2
辻,4,0
誼,4,1
珷,4,0
臨,4,1
狠,4,5
蝎,4,1
鉉,4,0
鼑,4,0
畿,4,0
嘿,4,6
矸,4,0
艋,4,1
屎,4,4
掬,4,3
皪,4,2
訢,4,5
喾,4,1
喘,4,1
汧,4,1
杺,4,2
赌,4,5
潾,4,3
琹,4,2
鮀,4,0
沚,4,8
饷,4,0
旈,4,3
氟,4,6
娸,4,1
弊,4,0
铟,4,11
儋,4,2
掂,4,0
杮,4,0
彍,4,0
谎,4,0
佞,4,6
镞,4,0
黃,4,0
濟,4,0
蓼,4,4
諝,4,2
劦,4,3
艨,4,2
鐶,4,1
镈,4,0
祸,4,2
抌,4,0
劣,4,1
茔,4,9
鏡,4,0
鹮,4,6
讃,4,0
谘,4,3
猖,4,0
裎,4,1
篁,4,4
澣,4,0
洴,4,0
貹,4,0
坻,4,1
嘞,4,0
尨,4,1
堽,4,0
慑,4,1
瑃,4,0
嗪,4,1
逡,4,2
钅,4,1
唔,4,1
枬,4,3
郷,4,0
駉,4,0
峂,4,1
侔,4,0
經,4,0
秝,4,11
雙,4,0
僷,4,3
荼,4,2
杀,4,5
镆,4,1
昞,4,1
鲨,4,0
閔,4,0
锓,4,1
馄,4,2
舯,4,0
徘,4,2
謦,4,8
锍,4,2
矅,4,0
瘩,4,2
镂,4,3
竸,4,6
鄙,4,8
鹆,4,0
汮,4,0
眙,4,4
扼,4,2
钋,4,0
蛸,4,2
妡,4,8
秽,4,1
莪,4,2
岦,4,1
葎,4,0
鲂,4,1
扰,4,1
縢,4,1
摺,4,1
夲,4,14
榧,4,7
斻,4,0
轹,4,1
瓈,4,4
蒽,4,9
蔵,4,2
齿,4,0
埴,4,1
踉,4,0
哏,4,0
堠,4,1
昡,4,0
砢,4,0
玨,4,8
櫻,4,5
寝,4,3
鬻,4,0
駪,4,2
罙,4,4
沔,4,0
錚,4,4
甑,4,3
瘟,4,1
鏹,4,0
錵,4,0
澋,4,1
砳,4,3
垢,4,2
訚,4,4
庥,4,1
溫,4,1
颺,4,4
炷,4,1
搔,4,0
燻,4,0
証,4,0
泔,4,1
淂,4,0
楓,4,0
庹,4,0
駒,4,0
楨,4,0
嚄,4,11
胲,4,0
騻,4,2
瘴,4,0
懃,4,2
暅,4,0
艟,4,0
夢,4,1
邛,4,1
環,4,3
旿,4,0
忝,4,0
郄,4,22
蒴,4,5
燔,4,2
鍇,4,2
跖,4,0
澶,4,2
袈,4,2
俟,4,3
剐,4,1
滙,4,1
悕,4,3
鋅,4,2
污,4,1
怯,4,0
妎,4,1
琣,4,3
瀞,4,28
搌,4,0
嶤,4,1
埸,4,0
胐,4,3
欹,4,3
叟,4,0
骦,4,8
殇,4,3
鉞,4,0
鉁,3,0
錤,3,0
绊,3,2
饧,3,0
倛,3,0
倏,3,2
蓂,3,1
児,3,1
夤,3,2
鉊,3,1
吱,3,4
嫕,3,20
泖,3,1
襗,3,0
丗,3,1
崞,3,1
逴,3,1
讚,3,0
窚,3,0
甝,3,0
怣,3,0
鹓,3,3
缊,3,1
靡,3,5
恼,3,2
珻,3,1
礌,3,0
圾,3,0
郕,3,0
绉,3,2
梣,3,4
呖,3,2
怂,3,1
嘨,3,0
祓,3,0
蕂,3,0
靭,3,0
蕰,3,3
疌,3,2
藓,3,2
觎,3,3
鉷,3,2
酲,3,0
鳯,3,2
錕,3,0
玴,3,1
佋,3,0
葰,3,0
沵,3,1
俋,3,2
纡,3,2
偱,3,1
蕗,3,7
礎,3,1
羸,3,0
畲,3,1
鼙,3,0
凋,3,1
鲫,3,0
遑,3,1
褆,3,3
燹,3,3
邶,3,0
栌,3,3
湋,3,0
膂,3,1
渑,3,0
奘,3,1
峼,3,1
鲳,3,0
爔,3,1
刿,3,1
霂,3,6
枱,3,0
蘊,3,7
垍,3,0
卦,3,1
奤,3,1
綠,3,1
卤,3,0
衮,3,1
惬,3,7
説,3,2
渫,3,1
咒,3,0
楀,3,0
苳,3,3
栿,3,0
忮,3,1
碹,3,0
鲭,3,1
珄,3,1
並,3,0
椼,3,0
羼,3,1
鹘,3,0
鈃,3,0
乣,3,0
悒,3,0
梹,3,2
塵,3,1
偍,3,0
挧,3,2
唷,3,0
娩,3,49
領,3,0
澌,3,10
兟,3,1
咺,3,1
泣,3,4
伕,3,0
磉,3,0
铳,3,0
坵,3,0
蓀,3,0
垿,3,2
靄,3,3
暎,3,5
撂,3,4
晆,3,0
珕,3,1
袑,3,0
惭,3,22
螢,3,0
怅,3,0
辁,3,1
璍,3,0
暲,3,0
査,3,2
秣,3,0
胰,3,4
牷,3,0
洨,3,4
幄,3,0
萑,3,0
畈,3,0
茚,3,0
蕨,3,0
茱,3,10
挎,3,2
栤,3,0
屁,3,1
驲,3,3
肓,3,1
秌,3,0
鐾,3,0
糙,3,3
倗,3,0
垳,3,1
贠,3,1
熺,3,1
泝,3,0
侓,3,0
壘,3,2
橫,3,0
诧,3,1
捏,3,0
扥,3,0
怊,3,0
掴,3,0
巺,3,0
囟,3,0
嘀,3,1
酵,3,0
虻,3,0
歩,3,0
檐,3,7
妟,3,3
瘪,3,0
詟,3,0
晫,3,3
慆,3,0
蓊,3,4
瑝,3,3
惞,3,2
鋻,3,0
嗓,3,2
満,3,1
迳,3,2
垃,3,3
跂,3,0
嘯,3,0
笱,3,0
聡,3,2
圓,3,4
孫,3,1
礠,3,1
藴,3,11
規,3,0
厶,3,4
瞋,3,1
竻,3,0
鑬,3,0
渍,3,1
嵎,3,1
黒,3,1
伛,3,2
犷,3,0
楮,3,2
茯,3,3
冁,3,1
湮,3,4
酊,3,1
櫆,3,0
迠,3,0
砀,3,0
毁,3,0
黙,3,1
廻,3,0
樸,3,1
邉,3,0
靈,3,0
鏞,3,0
搙,3,1
叻,3,4
錢,3,0
籣,3,8
罧,3,0
咦,3,3
蝾,3,0
黯,3,2
瑯,3,1
璔,3,0
缗,3,0
玒,3,2
巃,3,0
諹,3,1
鏜,3,0
犯,3,1
俾,3,0
茛,3,0
賡,3,0
翬,3,1
鹖,3,1
镦,3,1
迴,3,0
氶,3,0
煨,3,1
腩,3,2
喣,3,0
疗,3,0
瞑,3,1
冇,3,0
呗,3,6
寔,3,1
耋,3,0
噎,3,1
戾,3,1
銀,3,2
鍫,3,1
璄,3,2
犎,3,0
嗷,3,3
棏,3,0
姩,3,5
鳅,3,1
壯,3,1
偞,3,2
熨,3,1
舉,3,0
喦,3,1
鎧,3,1
屘,3,2
騉,3,0
砻,3,1
椂,3,2
蔭,3,0
坨,3,1
挖,3,2
朓,3,0
镧,3,4
枼,3,0
眈,3,0
楊,3,0
鄣,3,0
篸,3,0
膀,3,2
眳,3,1
贬,3,1
捩,3,2
電,3,0
骓,3,1
珃,3,1
鈵,3,0
罘,3,1
潓,3,5
梫,3,0
帥,3,0
遏,3,3
筳,3,2
鋡,3,0
慬,3,2
渥,3,0
潁,3,1
偼,3,3
賦,3,0
竦,3,1
瑅,3,0
咭,3,4
變,3,1
窄,3,2
忾,3,1
飼,3,0
钴,3,0
蜇,3,1
尡,3,1
娿,3,1
垌,3,1
谪,3,0
悅,3,4
葓,3,4
锳,3,4
慌,3,6
猋,3,0
叅,3,1
鏊,3,1
貽,3,1
苤,3,0
抷,3,0
欐,3,3
眶,3,1
彖,3,0
芑,3,3
鈱,3,2
龛,3,0
桪,3,0
棁,3,0
腓,3,0
氺,3,2
籹,3,4
吮,3,0
觚,3,0
皦,3,0
僭,3,0
豚,3,2
禓,3,0
銨,3,0
罹,3,1
槗,3,1
阉,3,2
階,3,0
祾,3,7
鬲,3,2
枵,3,1
懵,3,0
歡,3,2
恮,3,0
铻,3,0
綜,3,0
祢,3,0
苙,3,2
钸,3,0
僬,3,0
婺,3,8
鹳,3,3
頫,3,0
湰,3,0
鍾,3,1
俠,3,7
椉,3,0
珌,3,0
翳,3,2
啖,3,0
將,3,0
邤,3,0
躜,3,0
椲,3,0
栐,3,1
埅,3,2
虒,3,0
鈊,3,2
殃,3,3
咫,3,3
婋,3,2
賸,3,2
佔,3,1
烋,3,0
眆,3,3
焞,3,0
浵,3,0
喏,3,7
鏣,2,0
鹴,2,0
瑬,2,1
鹟,2,1
滄,2,0
滽,2,0
霑,2,2
瓖,2,3
嬈,2,0
飇,2,0
璸,2,1
膜,2,5
肱,2,0
鲆,2,1
臞,2,0
雗,2,0
塲,2,0
鹬,2,2
冮,2,0
桴,2,0
薾,2,2
埁,2,0
琊,2,1
疤,2,0
眐,2,0
隹,2,3
爃,2,0
洤,2,2
訕,2,0
僑,2,1
紳,2,0
僡,2,0
肮,2,0
釭,2,0
瑺,2,1
蘖,2,0
廿,2,4
柎,2,0
剋,2,0
獻,2,0
妉,2,2
閖,2,0
乗,2,1
霨,2,1
窓,2,0
疵,2,1
赧,2,2
語,2,1
糍,2,0
撷,2,3
笵,2,0
婄,2,6
俫,2,0
豈,2,1
腴,2,2
耩,2,0
篯,2,1
黟,2,1
璪,2,2
宮,2,0
轱,2,0
褛,2,1
匯,2,0
茈,2,5
陉,2,0
猾,2,1
坩,2,0
涖,2,1
頴,2,2
弪,2,0
垶,2,3
竚,2,0
溴,2,1
蒐,2,1
悖,2,0
砸,2,5
暢,2,5
樶,2,0
柾,2,0
崆,2,0
伓,2,0
玦,2,4
勗,2,0
橼,2,6
爗,2,0
旮,2,0
畭,2,0
麐,2,0
蔹,2,3
岧,2,0
脘,2,3
阈,2,0
倨,2,0
皡,2,1
鲮,2,1
锕,2,6
辎,2,0
聯,2,0
驺,2,0
罍,2,0
垵,2,0
爎,2,0
幍,2,0
歅,2,0
嗞,2,0
枊,2,2
籔,2,0
耷,2,0
鍔,2,0
縂,2,1
驫,2,0
雫,2,0
圉,2,0
慤,2,1
嚛,2,0
阍,2,1
馂,2,0
抠,2,0
鲇,2,0
伧,2,0
機,2,0
碁,2,0
徜,2,0
苷,2,2
鲱,2,0
瀼,2,0
裱,2,0
鳐,2,0
楡,2,0
浄,2,2
泚,2,2
胭,2,25
詣,2,0
餍,2,3
嗍,2,0
咧,2,1
嗤,2,0
丶,2,0
豇,2,1
顥,2,1
唅,2,6
愠,2,2
戉,2,2
勵,2,0
嫏,2,4
妚,2,2
鎬,2,0
媺,2,10
窪,2,0
柮,2,0
僎,2,2
嚓,2,1
緹,2,0
騹,2,3
腋,2,2
磮,2,0
忊,2,0
夑,2,0
咿,2,4
寈,2,1
澦,2,0
彷,2,3
搠,2,1
踵,2,0
鏑,2,0
詇,2,0
潚,2,0
凖,2,1
禜,2,0
鋌,2,0
洢,2,5
阖,2,0
奓,2,0
阭,2,1
圶,2,0
玷,2,1
鑒,2,0
閣,2,1
馅,2,3
銚,2,0
萘,2,1
粿,2,0
螯,2,1
瀹,2,1
俉,2,0
稶,2,0
裬,2,0
泶,2,0
擭,2,0
忏,2,0
晳,2,2
錇,2,2
楴,2,0
蓿,2,3
氍,2,1
昽,2,0
飆,2,0
蝏,2,0
髋,2,0
嬌,2,4
勸,2,0
呋,2,0
辘,2,0
墁,2,12
準,2,0
笹,2,0
腌,2,0
禇,2,1
鍵,2,0
鞑,2,0
棃,2,0
唢,2,1
苅,2,0
會,2,0
幵,2,0
殚,2,3
務,2,0
泩,2,0
炔,2,1
錝,2,0
駻,2,0
趵,2,0
厮,2,0
洣,2,1
咆,2,0
埌,2,1
饯,2,2
扮,2,8
奲,2,0
牦,2,0
虐,2,0
矼,2,0
継,2,1
洇,2,1
傢,2,2
聍,2,1
藹,2,0
玔,2,1
煃,2,0
瀨,2,0
聒,2,0
馃,2,0
琖,2,0
珜,2,0
烚,2,1
醍,2,1
麇,2,0
璊,2,1
睎,2,5
翝,2,0
箢,2,0
塄,2,0
鎵,2,0
枮,2,0
稆,2,6
娍,2,0
諺,2,0
硯,2,2
俜,2,0
諨,2,0
埫,2,0
喽,2,0
荍,2,4
峮,2,1
菎,2,1
姼,2,2
曽,2,0
埰,2,1
驚,2,0
芓,2,0
鍏,2,2
渼,2,8
黨,2,0
鹇,2,2
伷,2,1
歈,2,0
汣,2,0
盱,2,4
婼,2,14
狈,2,2
馳,2,0
焐,2,0
飕,2,0
趈,2,1
肫,2,0
瑑,2,0
藿,2,1
錿,2,0
鋶,2,1
栒,2,1
芏,2,5
玞,2,1
饤,2,0
蔣,2,0
葚,2,1
璩,2,0
禊,2,0
钭,2,0
娖,2,3
坅,2,1
熉,2,0
悑,2,0
湣,2,0
斉,2,2
滐,2,2
緑,2,1
騵,2,0
釧,2,0
喈,2,1
鎤,2,0
曣,2,2
縕,2,1
挝,2,1
吋,2,1
銶,2,0
菑,2,0
狡,2,0
橐,2,1
跀,2,2
掐,2,7
跪,2,0
誾,2,0
侊,2,1
鸻,2,0
聶,2,0
魇,2,2
苁,2,7
龘,2,1
禳,2,0
咲,2,2
沯,2,0
慾,2,5
潥,2,2
蝀,2,0
缟,2,0
粵,2,0
騑,2,2
儱,2,0
瓘,2,0
鬟,2,0
頊,2,0
讵,2,0
竷,2,0
萳,2,0
鋪,2,0
蕘,2,2
灃,2,0
耇,2,0
滠,2,0
蕣,2,0
狒,2,0
缕,2,9
憑,2,1
秏,2,1
岊,2,1
笒,2,0
揮,2,0
忬,2,3
陸,2,0
帑,2,0
砉,2,1
诽,2,2
厝,2,0
渢,2,0
譲,2,0
氽,2,1
梼,2,1
鏸,2,2
婻,2,13
烀,2,0
薿,2,4
驮,2,1
旂,2,1
焬,2,0
矻,2,0
撫,2,0
侜,2,0
嘴,2,1
缑,2,1
僾,2,2
鳗,2,15
癫,2,0
瑉,2,1
颅,2,0
奷,2,0
峳,2,2
鹁,2,0
槙,2,0
灡,2,0
酃,2,0
犳,2,0
汯,2,2
綝,2,0
蹨,2,0
憙,2,5
睍,2,1
鋂,2,1
腈,2,3
轾,2,0
竼,2,4
蕎,2,0
騆,2,0
婞,2,23
訫,2,3
闼,2,0
寀,2,5
謖,2,0
齢,2,0
絟,2,0
橖,2,0
侻,2,0
孋,2,13
恻,2,0
様,2,1
擐,2,0
罂,2,1
贑,2,0
铦,2,0
酎,2,0
嘒,2,2
恔,2,1
箤,2,2
鵕,2,0
騠,2,0
靉,2,0
冭,2,0
熾,2,0
絪,2,0
郃,2,0
崮,2,0
嗒,2,1
榎,2,0
韺,2,1
奊,2,0
贏,2,1
鐗,2,0
垯,2,0
蒗,2,1
鐸,2,0
疟,2,0
祧,2,0
碛,2,0
孧,2,0
賰,2,0
侀,2,0
惆,2,4
幪,2,1
犨,2,0
悢,2,0
箜,2,1
僞,2,1
荙,2,0
鋮,2,1
啃,2,0
銑,2,0
偘,2,0
赁,2,4
阫,2,0
辀,2,0
穏,2,0
漴,2,1
盿,2,0
悊,2,0
溏,2,1
幛,2,0
嶓,2,1
縒,2,1
壂,2,1
渖,2,0
戛,2,0
擇,2,0
箎,2,0
熵,2,1
眴,2,0
惰,2,5
琀,2,5
赯,2,0
詞,2,0
拌,2,2
翤,2,0
毙,2,0
莰,2,2
搢,2,0
拈,2,1
茽,2,0
慊,2,3
飮,2,1
脩,2,1
葝,2,0
熈,2,1
砼,2,0
鍉,2,0
磌,2,0
曛,2,0
顓,2,0
郛,2,0
喉,2,2
悃,2,1
漷,2,0
訨,2,1
鳝,2,0
蚂,2,0
梾,2,0
媇,2,0
亍,2,1
裝,2,0
裼,2,1
羢,2,0
漍,2,0
藍,2,3
曟,2,0
棅,2,1
麋,2,1
棊,2,0
蒌,2,0
拰,2,0
梒,2,1
埩,2,1
慂,2,0
赅,2,0
腃,2,0
砅,2,0
氙,2,0
舖,2,0
痈,2,1
遛,2,0
黢,2,0
弜,2,0
蕡,2,0
絢,2,3
砫,2,0
捣,2,0
緒,2,0
鷹,2,1
誫,2,0
滪,2,0
疹,2,5
葙,2,1
潠,2,0
檽,2,0
繻,2,0
焄,2,1
碣,2,3
堞,2,2
壟,2,0
荺,2,4
阆,2,1
媗,2,3
塭,2,0
龠,2,0
枇,2,1
嶅,2,0
耉,2,0
坳,2,0
杅,2,1
徨,2,0
楻,2,0
呂,2,1
鎕,2,0
螣,2,0
昪,2,2
钷,2,0
斈,2,0
琋,2,2
渨,2,0
幷,2,0
诿,2,0
淾,2,0
誥,2,0
陷,2,1
碔,2,0
缥,2,0
嗖,2,0
鋗,2,0
螚,2,2
卋,2,0
樁,2,0
呓,2,9
跺,2,1
猊,2,0
貝,2,1
縣,2,0
櫂,2,0
颹,2,1
陔,2,0
瘁,2,1
從,2,0
張,2,1
積,2,0
婠,2,6
蔃,2,0
遄,2,0
圴,2,0
啉,2,2
纣,2,0
嵂,2,1
琩,2,0
綪,2,4
鎽,2,0
讙,2,1
惪,2,0
鏦,2,0
旯,2,1
薜,2,1
脢,2,0
漕,2,0
嗅,2,2
氘,2,0
瑥,2,2
協,2,0
牖,2,0
涴,2,7
婛,2,3
習,2,2
抉,2,2
偆,2,1
玧,2,0
怑,2,1
爝,2,1
熒,2,4
苜,2,0
號,2,0
嬅,2,10
碖,2,0
傃,2,0
涚,2,0
愎,2,0
眏,2,5
崠,2,0
稟,2,0
邊,2,1
赱,2,0
鹋,2,1
碲,2,0
貤,2,1
姹,2,28
斎,2,0
鹛,2,6
黻,2,0
願,2,0
髻,2,0
頵,2,0
庯,2,0
櫈,2,0
瑂,2,2
氲,2,0
楱,2,0
錋,2,0
儗,2,2
屛,2,1
赂,2,1
嗦,2,0
吠,2,0
蹟,2,0
謹,2,0
恚,2,1
蜴,2,2
晄,2,0
闓,2,0
幗,2,1
曚,2,4
尗,2,0
涕,2,4
鈁,2,0
镄,2,2
雰,2,5
蒝,2,2
玿,2,2
飑,2,2
兩,2,0
塩,2,0
忐,2,0
绀,2,2
唫,2,0
搽,2,0
蔌,2,0
菬,2,0
訏,2,0
愑,2,0
樋,2,0
玗,2,1
珦,2,2
恏,2,0
壸,2,2
旉,2,0
堹,2,0
耔,2,1
嬖,2,2
釰,2,0
咔,2,5
蓱,2,2
徯,2,0
磾,2,0
鬂,2,2
艻,2,0
踴,2,0
狙,2,0
敭,2,2
叱,2,0
嬪,2,2
枸,2,3
鵑,2,0
泅,2,6
衽,2,1
凘,2,1
熖,2,0
諴,2,0
愆,2,0
贪,2,0
帯,1,0
搵,1,2
汥,1,0
鱆,1,0
饒,1,1
姌,1,14
瑡,1,0
枆,1,0
珶,1,0
奾,1,0
醖,1,0
鈉,1,0
踽,1,0
軎,1,0
忉,1,0
鍀,1,0
佧,1,0
籴,1,2
檎,1,0
仌,1,1
塖,1,0
證,1,0
訉,1,0
铑,1,0
闇,1,0
賯,1,0
羭,1,0
軼,1,3
彋,1,0
緰,1,0
梌,1,0
洖,1,0
琠,1,0
晑,1,0
鉨,1,0
愢,1,2
曗,1,0
檇,1,0
墱,1,0
忛,1,0
妠,1,3
岕,1,0
燄,1,0
鏛,1,0
姞,1,3
躏,1,0
淢,1,0
韗,1,0
綵,1,1
熯,1,0
啹,1,0
踣,1,0
筰,1,0
錂,1,2
昣,1,0
旽,1,0
鳙,1,0
疡,1,0
鋙,1,0
茓,1,0
痰,1,2
惔,1,1
桫,1,0
拗,1,1
剠,1,0
漎,1,0
牒,1,1
鲡,1,0
趴,1,3
護,1,0
炻,1,2
譽,1,0
绱,1,0
坰,1,0
煿,1,0
碂,1,0
壄,1,0
嶌,1,0
嫨,1,0
埮,1,1
訖,1,0
檊,1,1
莍,1,0
飖,1,2
嗮,1,2
槪,1,0
儢,1,0
儨,1,0
曅,1,0
酰,1,1
莮,1,0
瀧,1,0
乤,1,0
紉,1,0
湓,1,0
巇,1,0
揾,1,1
藁,1,0
欵,1,0
摅,1,0
垱,1,0
謿,1,0
爨,1,0
嵨,1,0
稅,1,0
唸,1,1
擢,1,0
鐈,1,0
釹,1,1
砝,1,0
釿,1,1
澵,1,0
祶,1,0
杝,1,1
伡,1,0
祲,1,0
問,1,0
撜,1,0
礓,1,1
帨,1,1
蹯,1,0
跬,1,0
呃,1,0
纆,1,0
郱,1,1
鈤,1,1
玂,1,0
豒,1,0
瞌,1,0
盤,1,1
緢,1,0
儃,1,0
犉,1,1
晵,1,0
橽,1,0
矓,1,0
嘠,1,0
梟,1,1
矍,1,0
靇,1,0
鷐,1,1
刂,1,0
補,1,1
畎,1,0
灴,1,0
袼,1,1
衏,1,0
礻,1,1
謺,1,0
逋,1,1
菫,1,3
鯎,1,0
錒,1,1
鳕,1,12
釔,1,1
敔,1,1
鏏,1,0
峬,1,0
響,1,0
猄,1,0
嘁,1,0
軸,1,0
麂,1,0
槁,1,0
帻,1,0
禔,1,0
詝,1,0
辤,1,0
蔍,1,0
謤,1,0
甾,1,1
嚥,1,0
袌,1,0
峑,1,0
眞,1,0
恌,1,0
悗,1,0
尪,1,0
璺,1,0
瑣,1,0
坋,1,1
傩,1,0
耧,1,0
畛,1,1
嫍,1,0
梪,1,0
鉢,1,0
滣,1,0
婗,1,3
藨,1,0
荜,1,1
谩,1,8
橈,1,0
柙,1,0
縸,1,0
淛,1,0
旰,1,0
鉅,1,0
柊,1,0
犻,1,0
漛,1,0
轞,1,0
兕,1,0
秫,1,3
裀,1,1
贳,1,0
縉,1,0
睚,1,0
斫,1,0
鎂,1,2
睨,1,0
昤,1,5
懸,1,0
孴,1,0
鶠,1,0
剌,1,1
霤,1,0
謶,1,0
僩,1,0
盦,1,0
楉,1,1
逺,1,0
镮,1,0
崿,1,0
妝,1,0
焴,1,0
鍪,1,0
魯,1,0
朣,1,1
蟯,1,0
斳,1,0
趫,1,1
偁,1,0
艎,1,0
綫,1,0
粊,1,0
綾,1,1
葩,1,3
鏷,1,0
沖,1,0
夒,1,0
陲,1,0
爾,1,1
棛,1,0
髯,1,0
嬬,1,1
旄,1,1
酙,1,0
刍,1,1
撄,1,0
呱,1,2
笆,1,2
紃,1,0
璉,1,0
壛,1,0
屆,1,0
槕,1,0
譩,1,0
輿,1,0
漒,1,0
疃,1,1
掾,1,0
缳,1,2
駩,1,0
柇,1,0
欟,1,0
鲈,1,0
椤,1,0
屶,1,0
徠,1,0
沇,1,0
鎾,1,0
卐,1,0
艅,1,0
憤,1,0
鎖,1,0
詧,1,1
懮,1,0
箷,1,0
凩,1,0
桵,1,0
襚,1,0
嵾,1,0
袀,1,0
靾,1,0
黁,1,2
茙,1,0
棼,1,1
牱,1,0
跛,1,0
洂,1,0
鍖,1,0
啫,1,0
殄,1,0
瓀,1,3
埀,1,0
剣,1,1
箽,1,0
鋤,1,0
聞,1,0
劉,1,0
憡,1,0
嗻,1,0
邙,1,0
彳,1,0
塏,1,0
槲,1,0
僪,1,1
帱,1,0
罣,1,0
艦,1,0
驦,1,0
貊,1,0
橸,1,0
秬,1,0
秈,1,0
驵,1,0
瘐,1,0
騎,1,0
鋥,1,1
絖,1,0
髟,1,0
盁,1,1
珢,1,2
縄,1,0
氵,1,0
琙,1,0
嫆,1,4
嘤,1,2
髦,1,1
挢,1,0
斿,1,0
載,1,0
籖,1,0
忪,1,3
塯,1,0
夥,1,0
靥,1,10
鎭,1,0
艴,1,0
蜗,1,3
紗,1,0
涳,1,1
螞,1,0
檻,1,0
鳢,1,0
揿,1,0
樻,1,0
卆,1,0
汖,1,0
埒,1,1
滃,1,0
珰,1,0
颷,1,0
悱,1,0
鐥,1,1
卬,1,2
駼,1,1
門,1,0
畾,1,0
黧,1,1
祃,1,0
椁,1,0
畡,1,0
旓,1,0
趺,1,0
赙,1,0
蜣,1,0
譯,1,0
鯤,1,1
搄,1,0
賤,1,0
仚,1,0
蹓,1,1
侇,1,0
欥,1,0
樗,1,0
咴,1,1
褾,1,0
鋉,1,0
稙,1,0
崷,1,0
浱,1,0
粧,1,25
埆,1,0
倮,1,0
劤,1,0
樉,1,0
悭,1,0
孨,1,1
荶,1,0
蒱,1,0
薳,1,0
剶,1,0
農,1,0
誗,1,0
夦,1,0
譜,1,0
栕,1,0
歲,1,0
疊,1,0
袚,1,0
蠼,1,0
啠,1,0
営,1,0
鰡,1,0
姒,1,7
錼,1,2
拚,1,0
臯,1,0
橪,1,0
偵,1,0
谥,1,1
騘,1,0
锾,1,3
陻,1,0
鑅,1,0
藞,1,0
堘,1,0
尠,1,0
悳,1,0
糅,1,0
筽,1,0
鏗,1,0
暆,1,0
勭,1,0
苀,1,1
鴹,1,0
亃,1,0
萾,1,0
儏,1,0
砦,1,1
碜,1,0
跡,1,0
誩,1,1
繕,1,0
畕,1,0
桼,1,0
嶶,1,7
檺,1,0
耑,1,0
嵅,1,0
汘,1,0
盪,1,0
崵,1,0
刖,1,2
愀,1,0
甹,1,0
楩,1,0
鋑,1,0
痣,1,1
轵,1,0
嬍,1,2
淐,1,0
賛,1,0
剗,1,0
舴,1,1
鍼,1,0
戣,1,0
硩,1,0
轟,1,0
陁,1,0
巶,1,1
崬,1,0
椐,1,0
蚬,1,0
蕋,1,0
茢,1,0
幈,1,0
礛,1,0
绐,1,1
剞,1,0
詍,1,0
関,1,1
飐,1,0
璱,1,0
丄,1,0
鲣,1,1
稰,1,0
筕,1,1
吲,1,0
匛,1,0
涷,1,0
窰,1,0
禼,1,0
墐,1,2
溄,1,0
捋,1,0
猶,1,0
呴,1,0
颒,1,0
騣,1,0
僔,1,0
鋺,1,0
欑,1,0
朞,1,0
蚘,1,0
還,1,0
椩,1,0
觳,1,0
帒,1,0
硃,1,0
绠,1,0
昷,1,1
犒,1,0
焫,1,1
餾,1,0
寢,1,0
菐,1,0
渪,1,0
嵽,1,3
鋾,1,0
攮,1,0
儰,1,0
綿,1,0
鹯,1,0
徥,1,0
鲠,1,1
霩,1,1
怵,1,0
蘄,1,0
勅,1,0
菼,1,0
陹,1,0
棲,1,1
囸,1,1
硎,1,0
鈎,1,0
讣,1,0
蒹,1,1
坉,1,0
锧,1,0
慒,1,0
罪,1,5
觾,1,1
衶,1,0
鄀,1,1
鎦,1,0
遆,1,0
墦,1,0
陬,1,2
渵,1,0
徴,1,1
醽,1,0
嫃,1,3
隣,1,1
鮎,1,0
虅,1,1
敇,1,0
鳥,1,0
尴,1,0
斶,1,0
榰,1,0
籦,1,0
憩,1,2
弻,1,0
翶,1,0
牶,1,0
淪,1,0
濙,1,0
諃,1,0
碬,1,1
專,1,0
衼,1,0
紜,1,2
腪,1,0
汸,1,2
鎈,1,0
倲,1,0
騫,1,0
賔,1,0
庻,1,0
萊,1,0
彙,1,0
勪,1,0
咄,1,1
俻,1,0
琌,1,3
挲,1,0
侉,1,0
谖,1,6
嬲,1,4
櫵,1,1
熿,1,0
嗑,1,0
鷪,1,0
灒,1,0
暭,1,0
霦,1,1
勥,1,0
頪,1,1
鍕,1,0
瓥,1,0
薤,1,0
傽,1,0
嶆,1,0
薅,1,1
韙,1,0
蓰,1,0
甙,1,0
刋,1,0
殂,1,1
抣,1,0
亰,1,0
溇,1,0
茥,1,0
惲,1,0
硏,1,0
閠,1,0
趄,1,0
獄,1,0
悘,1,0
碮,1,0
詈,1,0
鍑,1,0
糁,1,0
竵,1,0
髂,1,0
皤,1,1
裊,1,0
叵,1,0
讌,1,1
設,1,0
囇,1,0
瞵,1,0
飗,1,0
嵧,1,0
綷,1,1
荅,1,0
畽,1,0
徛,1,0
丧,1,0
煙,1,0
褣,1,0
聥,1,0
槔,1,0
鐙,1,0
覈,1,0
坭,1,3
燨,1,1
鎠,1,0
崢,1,2
貅,1,0
哂,1,1
绾,1,2
苂,1,0
踺,1,0
柨,1,0
玅,1,0
砃,1,1
熷,1,0
綕,1,0
矁,1,0
礱,1,0
喑,1,0
諠,1,3
枌,1,0
訄,1,0
茼,1,5
嚴,1,0
炝,1,0
栻,1,2
禯,1,0
硶,1,1
葴,1,0
稑,1,0
骃,1,1
浉,1,2
鯖,1,0
驃,1,0
亳,1,0
柶,1,0
娰,1,0
駡,1,0
笢,1,0
笞,1,0
羱,1,1
镢,1,0
崂,1,0
眇,1,0
揠,1,0
瓺,1,0
铐,1,0
媓,1,1
囷,1,0
琒,1,0
埻,1,1
昑,1,1
嶈,1,0
顸,1,0
屐,1,0
遽,1,0
晲,1,0
傮,1,0
燉,1,0
蕐,1,0
鼗,1,1
縠,1,0
菮,1,0
羧,1,0
嚅,1,1
訶,1,0
麎,1,0
併,1,0
胝,1,0
飨,1,0
皴,1,2
坧,1,0
锱,1,2
昚,1,0
堩,1,0
涍,1,0
妺,1,7
欤,1,3
渄,1,0
赬,1,0
泃,1,0
俙,1,0
臺,1,0
阝,1,0
僅,1,1
昢,1,5
熞,1,0
稜,1,1
艓,1,0
鹔,1,1
鴦,1,0
廒,1,0
執,1,0
隝,1,0
庈,1,0
弮,1,0
悁,1,0
犴,1,0
晣,1,1
怾,1,0
厽,1,0
喟,1,0
剁,1,1
敫,1,0
蹙,1,2
絃,1,0
琾,1,0
淓,1,0
矦,1,0
恊,1,0
噵,1,0
堒,1,0
頏,1,0
堓,1,0
嘅,1,1
暣,1,0
偒,1,0
檉,1,0
邠,1,2
讓,1,0
亻,1,1
簾,1,0
蚄,1,0
踖,1,0
鷖,1,0
霋,1,0
弎,1,0
畺,1,0
潛,1,0
偗,1,0
捎,1,2
硚,1,0
妓,1,2
碤,1,0
懊,1,3
泆,1,1
枽,1,1
輗,1,0
騳,1,0
愽,1,0
郬,1,0
圊,1,0
銞,1,0
鈧,1,0
霠,1,0
黖,1,0
閎,1,0
氜,1,0
廕,1,0
愌,1,0
蝌,1,0
磞,1,1
騊,1,1
峟,1,0
鑸,1,0
嚆,1,2
懄,1,0
匚,1,1
弶,1,2
瑍,1,0
戩,1,0
蒀,1,3
鞶,1,0
偦,1,0
裡,1,0
娗,1,1
祱,1,0
喹,1,0
込,1,0
襞,1,0
薘,1,0
稂,1,0
嵢,1,0
罱,1,1
攼,1,0
笘,1,0
汌,1,0
诼,1,1
潀,1,1
嘣,1,1
砆,1,0
暽,1,0
饔,1,0
笥,1,0
喙,1,0
抦,1,0
婱,1,0
砹,1,0
缣,1,0
椟,1,0
鲪,1,0
麰,1,0
愨,1,0
潽,1,0
脍,1,0
娬,1,9
寳,1,1
楪,1,0
蕥,1,0
姺,1,12
岓,1,0
蘼,1,0
龆,1,0
耦,1,2
踳,1,0
窨,1,2
壆,1,0
撃,1,0
渱,1,0
祭,1,5
蛉,1,1
弫,1,0
蛎,1,1
痉,1,2
畄,1,1
詨,1,0
蔐,1,0
焖,1,0
覿,1,0
鶑,1,0
墴,1,0
瀿,1,0
惋,1,21
燑,1,0
阾,1,1
溳,1,1
蕺,1,0
豳,1,0
愊,1,0
榑,1,1
缛,1,0
渎,1,1
玱,1,1
嵹,1,0
腼,1,3
銛,1,0
給,1,0
賝,1,1
朤,1,0
鎙,1,0
炵,1,0
硉,1,0
馍,1,2
園,1,3
摨,1,0
鷧,1,0
芈,1,0
胹,1,0
萋,1,0
嗔,1,1
吔,1,0
埇,1,0
吇,1,2
垸,1,1
玝,1,0
弐,1,0
謎,1,0
涼,1,0
鹑,1,0
鑽,1,0
麑,1,2
姅,1,0
伥,1,0
歗,1,0
嶴,1,0
馸,1,0
崀,1,0
鑰,1,0
彇,1,0
铒,1,0
鉖,1,0
龢,1,0
痧,1,0
頭,1,0
鉼,1,0
逕,1,0
岠,1,0
畧,1,1
戦,1,0
蕦,1,0
侞,1,0
鑲,1,0
結,1,1
夂,1,0
閱,1,0
縯,1,2
鐍,1,0
傒,1,1
鄘,1,1
疮,1,0
钣,1,0
譧,1,0
甪,1,1
劥,1,0
铯,1,0
墈,1,0
鬘,1,0
潏,1,0
鍜,1,1
琿,1,0
薡,1,0
僶,1,0
垜,1,0
阱,1,0
靝,1,0
忯,1,0
姶,1,0
瘄,1,0
愖,1,0
潴,1,0
鸩,1,2
鱗,1,0
跎,1,0
嫴,1,0
犂,1,0
礚,1,0
妣,1,1
篨,1,0
蒎,1,0
砘,1,0
傔,1,0
唉,1,2
觀,1,0
麌,1,0
気,1,0
靶,1,1
巌,1,0
絙,1,0
璗,1,0
軓,1,0
蘍,1,0
佇,1,0
磢,1,0
蜥,1,0
穠,1,0
嵟,1,0
绻,1,0
銿,1,0
薷,1,9
嫧,1,0
癹,1,0
璦,1,0
鱿,1,2
諛,1,0
錗,1,0
欸,1,2
舘,1,0
鹈,1,0
祂,1,0
織,1,2
佷,1,0
垤,1,0
繄,1,1
潧,1,0
捨,1,0
诂,1,0
瞉,1,0
藵,1,0
緍,1,0
釯,1,0
釓,1,0
堾,1,3
棶,1,0
硞,1,0
阩,1,0
鈇,1,0
醅,1,1
釢,1,0
缐,1,0
漄,1,0
钌,1,0
铘,1,0
霳,1,0
镬,1,0
敨,1,2
餗,1,0
伀,1,0
蘘,1,2
筦,1,0
媔,1,1
鞪,1,0
桖,1,0
栝,1,0
黇,1,1
灺,1,0
醜,1,0
薌,1,0
伻,1,0
叄,1,0
諾,1,1
裑,1,1
桸,1,0
霃,1,0
鄯,1,0
菳,1,0
皥,1,1
囖,1,3
倥,1,0
侲,1,0
趌,1,0
霪,1,0
曧,1,0
鉿,1,0
痹,1,0
觭,1,0
絩,1,0
獐,1,0
汆,1,0
帠,1,0
橚,1,0
堼,1,0
诮,1,0
胱,1,0
讧,1,0
鎛,1,0
仸,1,0
偟,1,0
齑,1,1
璂,1,0
苎,1,1
恑,1,0
裿,1,0
榡,1,0
溸,1,0
恇,1,0
昍,1,0
紮,1,0
揙,1,0
禤,1,0
聴,1,0
觥,1,0
嬼,1,0
荎,1,0
鍌,1,0
葢,1,0
躐,1,0
汵,1,0
烿,1,0
柤,1,1
泙,1,1
勻,1,0
纛,1,1
憝,1,0
抧,1,0
旲,1,0
妳,1,2
蹉,1,0
櫄,1,0
媉,1,1
掹,1,0
莯,1,1
岒,1,1
麕,1,0
庼,1,0
泒,1,1
冦,1,0
牾,1,0
瓑,1,0
惱,1,0
顁,1,0
闉,1,0
徦,1,0
宧,1,0
芉,1,0
偙,1,2
羙,1,1
徟,1,0
弑,1,2
鞎,1,0
奣,1,0
玍,1,0
鲵,1,0
呹,1,1
堈,1,0
垨,1,0
翧,1,0
蒇,1,0
渧,1,0
扜,1,1
匮,1,0
谿,1,1
怮,1,0
擀,1,0
呠,1,3
疙,1,0
噋,1,0
湥,1,0
櫬,1,0
倌,1,0
朂,1,0
網,1,1
猬,1,1
熩,1,0
綋,1,0
憞,1,0
喅,1,0
诟,1,0
吽,1,0
経,1,0
蹑,1,0
盧,1,1
滹,1,0
呿,1,0
梤,1,0
鎓,1,0
鲟,1,1
鏢,1,0
欷,1,0
衤,1,0
蔁,1,1
呅,1,1
棿,1,0
喱,1,1
攢,1,0
怈,1,0
堸,1,1
忂,1,0
際,1,0
鷇,1,0
顧,1,0
膧,1,1
夋,1,2
捜,1,0
褌,1,0
輚,1,0
渏,1,1
薈,1,0
槃,1,2
璲,1,0
黥,1,0
凼,1,0
箏,1,2
烆,1,3
蔟,1,0
徍,1,0
諕,1,0
柕,1,0
蜃,1,2
訥,1,3
竇,1,0
鏮,1,2
诎,1,0
耱,1,0
蜫,1,0
嚜,1,1
韔,1,0
瞔,1,0
喡,1,0
畗,1,0
崹,1,0
鐔,1,0
摉,1,0
礸,1,1
缭,1,0
骼,1,0
槡,1,0
酆,1,1
阕,1,1
莬,1,1
専,1,0
驍,1,0
霐,1,0
弆,1,0
迿,1,0
醔,1,1
潝,1,0
喔,1,4
輬,1,0
鍳,1,0
鳪,1,0
瓠,1,0
檵,1,0
赕,1,0
萢,1,1
謩,1,0
糗,1,0
氷,1,0
啾,1,0
緛,1,0
匋,1,2
嬡,1,1
亹,1,0
碶,1,0
驙,1,0
啬,1,4
綄,1,2
釶,1,0
勢,1,0
踅,1,1
芡,1,13
漥,1,0
珹,1,2
鉑,1,1
袓,1,0
譮,1,0
禩,1,0
蟆,1,0
辔,1,1
硾,1,0
筚,1,0
洑,1,1
睜,1,0
濵,1,0
礒,1,1
偳,1,1
菾,1,1
匟,1,1
桯,1,0
嵁,1,0
鰻,1,0
厭,1,0
惣,1,0
兿,1,1
瞏,1,0
礬,1,0
湝,1,0
薺,1,0
儷,1,1
骘,1,0
暡,1,0
鰹,1,1
棢,1,0
羑,1,0
孅,1,0
晀,1,0
欉,1,0
働,1,0
虿,1,0
趽,1,0
歓,1,0
伬,1,0
釪,1,0
堺,1,0
鼏,1,0
嫹,1,0
沘,1,0
隸,1,0
汙,1,0
狤,1,0
鰲,1,0
筆,1,0
惎,1,0
紾,1,0
悚,1,0
伩,1,0
軞,1,0
貫,1,0
彫,1,0
儜,1,0
炏,1,1
瑖,1,0
徎,1,0
鵦,1,0
懁,1,0
鹥,1,2
诔,1,5
賏,1,0
銵,1,0
尋,1,0
迌,1,1
艢,1,0
莠,1,3
桭,1,0
鶸,1,0
烻,1,2
狷,1,1
阃,1,1
殪,1,0
檗,1,0
伒,1,0
鐿,1,0
盍,1,0
寘,1,0
觞,1,1
瑠,1,3
醯,1,0
穩,1,0
煬,1,1
蒡,1,0
楥,1,1
詐,1,0
孒,1,0
凓,1,0
袗,1,1
媲,1,4
嘫,1,0
須,1,0
狨,1,0
濉,1,1
曕,1,0
覺,1,0
卛,1,0
涬,1,1
栉,1,1
晈,1,8
叒,1,0
祘,1,0
貸,1,0
郾,1,0
砏,1,0
娑,1,2
蔘,1,1
嗚,1,0
绌,1,0
選,1,0
楲,1,1
岆,1,0
貔,1,0
圤,1,0
鶜,1,0
磴,1,0
龖,1,0
犄,1,0
硐,1,0
夌,1,0
侟,1,0
薙,1,0
酼,1,0
潹,1,0
鑚,1,0
沕,1,1
鎌,1,0
嘈,1,0
刌,1,0
迕,1,0
抻,1,0
乩,1,0
葒,1,0
穜,1,0
舑,1,0
饽,1,0
睻,1,0
仛,1,0
堎,1,0
瑽,1,2
坔,1,0
阼,1,0
鼒,1,0
奫,1,0
袘,1,0
閶,1,0
檏,1,0
徤,1,0
甏,1,0
嘔,1,0
痬,1,0
槹,1,0
鸏,1,1
牤,1,0
扠,1,0
贅,1,0
艐,1,1
婌,1,4
婙,1,2
竲,1,0
睑,1,0
戥,1,0
珬,1,0
墰,1,0
銎,1,0
緭,1,0
桽,1,0
徫,1,3
銾,1,0
柝,1,0
惨,1,1
簨,1,1
袮,1,0
悋,1,0
鋘,1,0
敄,1,0
螂,1,0
鷟,1,0
蹩,1,0
眽,1,0
鈅,1,3
頠,1,1
爲,1,0
澊,1,1
傺,1,0
註,1,0
镋,1,0
犞,1,0
苰,1,1
勚,1,0
醺,1,0
瘾,1,1
洩,1,0
谀,1,0
銜,1,0
鵷,1,4
鏇,1,0
弙,1,0
湵,1,0
諟,1,0
秂,1,0
桾,1,1
籷,1,0
胗,1,0
嫽,1,1
咻,1,0
鄮,1,0
殭,1,0
峿,1,0
踆,1,0
鏱,1,0
瀾,1,0
斊,1,0
柛,1,0
皲,1,0
疁,1,0
剏,1,0
靼,1,0
簩,1,0
羾,1,0
傛,1,3
樘,1,0
讈,1,0
踰,1,0
寭,1,1
緻,1,0
鬈,1,0
発,1,0
稁,1,0
遊,1,0
藟,1,2
拃,1,1
颕,1,1
瘔,1,0
瞽,1,0
萏,1,8
袛,1,1
懚,1,0
曋,1,0
羉,1,0
羏,1,1
怋,1,0
徰,1,0
倵,1,0
績,1,0
噩,1,0
憕,1,0
侏,1,10
鈍,1,0
術,1,0
逎,1,0
檍,1,2
暜,1,0
穳,1,0
挴,1,0
樷,1,0
懆,1,1
鏃,1,0
曀,1,0
焹,1,0
秼,1,0
鳍,1,2
砡,1,1
夵,1,0
唳,1,0
欻,1,0
鄆,1,0
嬋,1,3
謓,1,1
缁,1,0
紓,1,0
籐,1,0
脽,1,0
薨,1,0
廠,1,0
尢,1,2
舛,1,1
擕,1,0
偀,1,0
竤,1,1
昈,1,0
娙,1,1
鍰,1,0
僫,1,0
燈,1,1
浞,1,0
詪,1,1
靱,1,0
呾,1,0
睲,1,0
忟,1,1
種,1,0
繩,1,0
寑,1,0
翏,1,0
譖,1,0
挛,1,0
耠,1,0
夀,1,0
泑,1,0
钯,1,0
鏳,1,0
婥,1,4
皁,1,0
箠,1,0
憖,1,0
搩,1,0
鈖,1,0
畢,1,0
犍,1,0
脼,1,0
姫,1,0
镃,1,0
杬,1,1
懼,1,0
栨,1,0
婰,1,2
馺,1,0
吳,1,1
匾,1,0
媪,1,1
錥,1,1
呇,1,0
徭,1,2
凔,1,0
珗,1,0
愗,1,0
綘,1,0
皚,1,0
項,1,0
鑌,1,0
耹,1,0
餤,1,0
褓,1,0
靕,1,0
纋,1,0
騁,1,0
搛,1,0
璽,1,0
縓,1,0
肢,1,1
桕,1,0
棧,1,0
溋,1,0
钆,1,0
頤,1,0
驞,1,0
辳,1,0
磑,1,0
鄉,1,0
鸲,1,0
雭,1,1
俈,1,0
慄,1,0
諄,1,0
疚,1,0
瘗,1,0
樕,1,0
噂,1,0
岞,1,0
賖,1,0
巓,1,0
廎,1,0
玵,1,1
蒔,1,0
苺,1,1
戭,1,0
蠱,1,0
漘,1,0
鑳,1,0
胪,1,0
樫,1,0
硈,1,0
難,1,0
栱,1,0
燡,1,2
胫,1,0
幇,1,0
頙,1,0
鋹,1,0
廰,1,0
繯,1,0
嘚,1,0
柰,1,4
顝,1,1
畒,1,0
檱,1,0
榦,1,0
巸,1,0
丨,1,0
惐,1,0
瓌,1,0
釥,1,0
隩,1,0
遜,1,0
芰,1,1
鸎,1,0
悮,1,0
煟,1,0
荿,1,0
舐,1,2
筼,1,4
晬,1,0
繙,1,0
魢,1,0
偖,1,0
轔,1,0
蹼,1,0
痄,1,0
锼,1,0
爟,1,0
獴,1,0
挻,1,0
掛,1,0
肧,1,0
韓,1,0
誜,1,0
垊,1,0
裾,1,0
耄,1,1
熥,1,0
飂,1,0
戀,1,1
觡,1,0
燾,1,0
坼,1,0
晘,1,0
畀,1,1
偾,1,0
勓,1,0
懔,1,2
觯,1,0
檾,1,0
蓩,1,0
洊,1,1
窬,1,0
懑,1,0
塋,1,0
觇,1,0
衞,1,0
亙,1,0
槺,1,1
氩,1,3
埯,1,0
鄅,1,0
珸,1,1
係,1,0
僊,1,0
鴶,1,0
拊,1,0
埄,1,0
揄,1,0
酞,1,2
餆,1,0
哙,1,0
氾,1,0
碆,1,0
狟,1,0
泍,1,0
祛,1,0
俶,1,2
砱,1,1
潉,1,0
涏,1,0
碞,1,1
漨,1,0
麪,1,0
鐛,1,0
籘,1,0
摁,1,0
苽,1,0
郤,1,0
鎣,1,1
渰,1,0
颔,1,5
瓚,1,0
慦,1,0
匕,1,0
洉,1,0
哔,1,0
僯,1,0
炴,1,1
鐏,1,0
憗,1,0
蓒,1,0
邐,1,0
鐄,1,0
羯,1,0
郔,1,0
褱,1,0
扆,1,0
犜,1,0
錱,1,1
杋,1,1
菈,1,0
坴,1,0
坓,1,0
髪,1,0
鲋,1,0
眗,1,1
釩,1,0
趠,1,0
蝍,1,0
緞,1,1
笾,1,1
咮,1,0
杙,1,2
蕞,1,1
桲,1,0
杄,1,0
姸,1,10
箖,1,1
璮,1,0
陗,1,0
霽,1,0
痶,1,0
壖,1,0
忿,1,1
繧,1,0
卮,1,0
誦,1,0
牝,1,2
暟,1,0
頑,1,0
辿,1,0
邲,1,0
導,1,0
箧,1,1
酡,1,0
抟,1,0
廆,1,0
嶝,1,0
睃,1,1
俥,1,0
關,1,0
摪,1,0
葕,1,0
暙,1,0
颩,1,0
監,1,1
篠,1,1
乇,1,1
晜,1,0
鳓,1,0
缰,1,1
醮,1,0
錟,1,0
緣,1,0
壨,1,0
眍,1,0
柷,1,1
靔,1,0
遶,1,0
愬,1,0
釤,1,0
藠,1,0
垺,1,0
嚯,1,0
閽,1,0
慠,1,0
啔,1,0
殡,1,1
鮝,1,2
頩,1,1
駆,1,0
珚,1,1
詀,1,0
憉,1,0
璶,1,1
囜,1,0
蔕,1,0
鈾,1,0
杍,1,1
睶,1,0
觺,1,0
垗,1,0
徆,1,0
梠,1,0
旴,1,0
仺,1,0
諳,1,2
觌,1,0
砯,1,0
垡,1,0
掽,1,0
簀,1,0
霾,1,1
屃,1,0
鳒,1,0
懍,1,0
焵,1,0
楂,1,0
襑,1,0
棎,1,0
閲,1,0
娤,1,0
穑,1,2
貿,1,0
嵿,1,0
妯,1,0
殒,1,0
媱,0,2
磘,0,2
娮,0,1
褹,0,1
枻,0,1
矔,0,1
絲,0,3
諍,0,1
傚,0,1
倣,0,2
孏,0,1
馝,0,1
紬,0,1
骰,0,1
衲,0,3
茑,0,3
媌,0,8
毘,0,1
馑,0,3
蓜,0,3
婈,0,1
済,0,1
誐,0,2
採,0,2
乪,0,1
蠲,0,1
瀓,0,1
霱,0,4
牰,0,1
藌,0,3
悀,0,1
饪,0,1
屮,0,1
瘸,0,1
筣,0,1
嫝,0,2
芎,0,3
釴,0,1
測,0,1
阏,0,1
蕸,0,2
蛄,0,1
溎,0,1
梊,0,1
蘐,0,2
聸,0,1
噔,0,1
冡,0,2
嶕,0,1
娢,0,1
叆,0,1
鋍,0,1
悎,0,2
蛴,0,1
綍,0,1
顏,0,1
鏴,0,1
茝,0,6
莩,0,1
嶀,0,1
媋,0,2
掍,0,1
滛,0,1
砛,0,1
嬺,0,2
椀,0,4
镉,0,1
浿,0,1
鸧,0,1
葖,0,2
苿,0,1
薫,0,1
蔤,0,1
謐,0,2
陰,0,1
蓴,0,1
怳,0,2
鶯,0,1
滆,0,3
婭,0,6
嫤,0,2
狞,0,2
茖,0,1
梸,0,1
斆,0,1
糸,0,2
熋,0,1
璚,0,1
栆,0,1
暶,0,2
懏,0,1
埦,0,2
芘,0,1
褦,0,1
跹,0,3
秮,0,1
殹,0,1
栟,0,1
蕶,0,1
奼,0,1
蘃,0,2
椮,0,2
攦,0,1
檚,0,1
圚,0,1
莶,0,1
莄,0,1
砓,0,1
娪,0,3
悧,0,1
瀕,0,1
撸,0,1
睮,0,1
澞,0,1
鞡,0,2
娳,0,2
婔,0,3
懳,0,2
槚,0,2
犽,0,1
鹪,0,2
傕,0,1
侱,0,1
汼,0,1
礫,0,1
癞,0,1
佻,0,2
吢,0,1
馹,0,2
拫,0,2
鮢,0,1
卟,0,1
煵,0,1
鲒,0,2
噻,0,1
桋,0,1
孑,0,1
杩,0,1
萶,0,1
荽,0,1
偂,0,1
釖,0,1
眫,0,1
妶,0,1
籥,0,2
萓,0,2
蘇,0,2
魍,0,1
馫,0,2
陧,0,1
裟,0,2
掅,0,1
焍,0,1
呣,0,1
隂,0,1
奜,0,1
呡,0,1
醼,0,1
婤,0,2
莀,0,2
緈,0,1
仏,0,1
缷,0,1
赝,0,1
睾,0,1
枠,0,1
閩,0,1
茕,0,6
伮,0,1
舻,0,1
芅,0,1
敍,0,1
蕹,0,2
櫹,0,1
蒻,0,1
曏,0,1
粢,0,1
咹,0,1
焅,0,2
焈,0,1
绨,0,4
翆,0,3
陾,0,1
葦,0,1
怠,0,1
嬃,0,2
飴,0,1
涠,0,3
焾,0,1
寗,0,1
皉,0,1
澕,0,1
豗,0,1
绡,0,3
棰,0,1
饫,0,1
岀,0,2
蚪,0,1
篑,0,1
琝,0,1
絑,0,1
簘,0,1
毂,0,1
梶,0,1
鞮,0,1
遡,0,1
藯,0,1
溔,0,1
瞞,0,1
嗟,0,1
鷲,0,1
肽,0,1
蕼,0,1
蓆,0,1
徙,0,1
洯,0,1
縈,0,4
诙,0,2
枿,0,1
瘕,0,1
闝,0,1
羕,0,1
凬,0,1
娚,0,5
陖,0,1
嘩,0,1
苨,0,2
倇,0,1
崸,0,1
淉,0,1
秜,0,1
庀,0,1
蘱,0,1
瞢,0,1
穸,0,1
釵,0,3
哽,0,1
豔,0,1
緋,0,1
髸,0,1
詔,0,1
歯,0,1
鹨,0,1
湞,0,1
塥,0,1
祩,0,3
窥,0,2
鴳,0,1
恄,0,1
栭,0,1
柂,0,1
簌,0,1
缧,0,1
洅,0,1
涫,0,1
鑾,0,2
啐,0,1
烓,0,2
棌,0,1
晽,0,2
媃,0,1
韞,0,3
橞,0,5
愪,0,1
瀥,0,1
鉇,0,1
茘,0,3
薽,0,3
晩,0,1
試,0,1
孆,0,3
拑,0,1
裗,0,1
椛,0,1
亟,0,1
筻,0,1
羝,0,1
岜,0,1
痳,0,1
邾,0,1
櫜,0,1
蕚,0,1
螗,0,1
娞,0,1
鍹,0,2
牜,0,1
類,0,1
斾,0,1
杹,0,1
谮,0,2
郚,0,3
蕈,0,3
莭,0,1
膦,0,2
藇,0,1
鸱,0,1
痿,0,1
琡,0,3
毎,0,1
怺,0,1
葻,0,1
踹,0,1
絝,0,1
悙,0,1
唭,0,1
筲,0,1
萠,0,2
琟,0,1
耨,0,1
峩,0,2
悆,0,1
馊,0,1
瑪,0,2
怞,0,2
奁,0,1
婑,0,2
赩,0,9
荊,0,2
槑,0,1
壷,0,1
蔸,0,1
酾,0,2
鲷,0,1
啨,0,3
鷫,0,1
筿,0,1
傜,0,1
踦,0,1
跇,0,1
崺,0,1
珳,0,1
粜,0,1
緼,0,1
芟,0,1
妸,0,1
屽,0,1
陎,0,1
蔯,0,1
姰,0,1
偔,0,2
蓠,0,1
歺,0,1
枟,0,2
醪,0,1
玊,0,1
忤,0,1
孍,0,1
簋,0,1
鄄,0,1
溓,0,1
綢,0,2
秐,0,1
煈,0,1
颸,0,1
憘,0,1
孱,0,1
圡,0,1
抮,0,1
浺,0,1
攵,0,1
阰,0,1
帰,0,1
颡,0,1
侶,0,1
咉,0,1
忼,0,1
豓,0,1
鈮,0,1
羨,0,1
慿,0,1
傇,0,1
惢,0,2
煣,0,2
焗,0,1
鶼,0,2
陜,0,1
梘,0,2
亜,0,2
鹙,0,1
邂,0,1
豸,0,1
噴,0,1
娡,0,1
偢,0,1
撗,0,1
員,0,1
惏,0,1
苈,0,1
醄,0,2
袵,0,1
輰,0,1
鉫,0,2
蔧,0,2
嫥,0,2
擖,0,1
慭,0,2
婂,0,1
庅,0,1
酂,0,1
僈,0,1
娫,0,1
嵯,0,2
驛,0,1
冱,0,1
狯,0,1
辒,0,1
侖,0,1
睥,0,1
璓,0,2
倸,0,2
偡,0,1
蘜,0,1
噺,0,3
萒,0,1
筎,0,1
餞,0,1
泋,0,2
岄,0,2
憭,0,1
羟,0,2
勀,0,1
鴒,0,1
梕,0,1
榟,0,1
楒,0,4
隃,0,1
暪,0,1
馠,0,2
孀,0,2
渶,0,3
忑,0,1
辸,0,2
榣,0,1
楽,0,2
暝,0,3
揝,0,1
蝙,0,2
琫,0,1
晭,0,1
翓,0,2
盷,0,1
娽,0,1
涮,0,1
緁,0,1
綉,0,8
呥,0,1
劾,0,2
詢,0,1
趻,0,1
璥,0,1
莤,0,4
娼,0,2
腙,0,1
瀌,0,2
诨,0,1
蘠,0,2
蘴,0,1
廌,0,1
簮,0,1
濃,0,1
媫,0,4
踬,0,1
褰,0,1
椬,0,1
稘,0,1
鋲,0,1
煴,0,1
銆,0,1
迣,0,1
犪,0,1
複,0,1
陳,0,2
榳,0,2
瀜,0,1
眣,0,1
妱,0,1
袊,0,1
雈,0,1
蛘,0,1
鸞,0,1
蚯,0,1
僴,0,1
鹣,0,5
紷,0,1
変,0,1
鹷,0,1
嚟,0,1
媟,0,1
詾,0,1
莣,0,1
厍,0,1
諰,0,1
簵,0,1
與,0,1
蒓,0,2
媮,0,2
鑀,0,1
硖,0,3
堳,0,1
丂,0,1
埥,0,3
偑,0,5
舼,0,1
嚒,0,1
倊,0,1
觑,0,1
淲,0,1
戨,0,1
帪,0,1
贛,0,1
嬑,0,4
訬,0,1
悿,0,1
瀤,0,1
缶,0,1
刕,0,1
璵,0,1
儭,0,1
嬭,0,1
旑,0,2
竛,0,1
姱,0,1
莴,0,1
焠,0,1
縵,0,2
鄃,0,1
凞,0,1
楯,0,1
櫘,0,1
茾,0,2
羅,0,1
儴,0,1
妋,0,1
縃,0,1
鶷,0,1
筅,0,1
崨,0,1
嫟,0,1
柲,0,1
輑,0,1
恞,0,1
慯,0,1
妁,0,2
仱,0,1
蜺,0,1
菣,0,1
靨,0,1
軏,0,1
婅,0,1
跗,0,1
鯂,0,1
厤,0,1
塀,0,1
窛,0,1
櫫,0,1
愹,0,1
淨,0,3
趱,0,3
赭,0,2
宭,0,1
蕷,0,1
鵀,0,1
愼,0,1
碥,0,1
揎,0,1
嫙,0,3
葾,0,1
荌,0,4
薥,0,1
毰,0,1
蚈,0,1
睴,0,1
鐦,0,1
齦,0,1
楜,0,1
鯣,0,1
狁,0,1
衩,0,1
睐,0,3
攥,0,1
懽,0,1
踨,0,1
誱,0,1
諌,0,1
溌,0,1
珆,0,2
裢,0,1
褢,0,1
蒺,0,1
姳,0,2
笝,0,1
慇,0,3
粛,0,2
歭,0,1
潸,0,2
伖,0,1
跚,0,6
玼,0,1
脌,0,2
崡,0,1
堄,0,1
荳,0,2
傊,0,2
寍,0,1
図,0,1
秙,0,1
勹,0,1
姃,0,1
踛,0,1
眒,0,1
僜,0,1
昐,0,2
湁,0,1
絔,0,1
橣,0,1
瀴,0,1
媂,0,6
嫮,0,1
箳,0,1
痡,0,1
縩,0,1
坺,0,1
姷,0,1
菶,0,1
骀,0,1
嫼,0,1
貣,0,1
轓,0,1
墎,0,1
罃,0,2
娦,0,1
譓,0,1
垕,0,1
崋,0,2
笭,0,1
橯,0,1
欱,0,1
啕,0,2
鞙,0,1
稊,0,2
姈,0,3
樀,0,4
嫯,0,1
袡,0,2
孓,0,1
忹,0,1
姽,0,2
篥,0,2
炩,0,1
唼,0,1
媹,0,1
愋,0,1
錆,0,1
迒,0,1
麃,0,1
翑,0,1
阤,0,1
紵,0,1
皘,0,1
轭,0,1
稫,0,1
黦,0,1
蔾,0,1
槭,0,1
婩,0,1
睟,0,2
黏,0,1
箇,0,1
椠,0,1
霺,0,1
諎,0,1
鸪,0,4
蒳,0,2
嬣,0,1
亠,0,1
霎,0,3
霣,0,2
婇,0,1
褕,0,2
凫,0,1
酔,0,1
麽,0,1
繗,0,1
騪,0,1
猇,0,1
腧,0,1
擽,0,1
弍,0,1
粞,0,1
裵,0,1
痘,0,1
襕,0,1
栵,0,1
飀,0,2
嫊,0,1
赑,0,1
瓏,0,1
禭,0,1
啞,0,1
椸,0,1
昻,0,2
摵,0,1
蜮,0,1
覮,0,1
瑈,0,3
棑,0,2
涗,0,1
鏘,0,1
唛,0,2
痞,0,1
鬯,0,1
蜊,0,1
冴,0,1
忔,0,1
銣,0,1
嵺,0,1
嬗,0,3
穟,0,1
媁,0,3
媼,0,1
萜,0,1
癖,0,1
罳,0,2
鉕,0,1
嬆,0,1
節,0,1
锇,0,1
祦,0,1
咂,0,1
嬊,0,1
酹,0,1
琄,0,3
醭,0,1
絹,0,2
愄,0,2
瀭,0,1
踋,0,1
庱,0,1
憔,0,2
讎,0,1
悥,0,1
娯,0,1
晥,0,1
媊,0,3
伭,0,1
聤,0,1
畘,0,1
勄,0,1
釒,0,1
妪,0,2
鸼,0,1
噷,0,1
漣,0,1
笲,0,1
蜿,0,1
蓺,0,1
瓔,0,2
玬,0,2
啁,0,1
孄,0,3
霛,0,1
溕,0,3
瀣,0,1
溹,0,2
沝,0,1
膓,0,1
銒,0,1
嬝,0,1
萿,0,1
嬄,0,2
岋,0,1
峃,0,1
疋,0,2
鉯,0,1
筍,0,2
憐,0,1
碄,0,1
